audio/Vc-ord-F5-ff-1c-N.wav,C,major,3.5865233,4.443237
audio/Fl-ord-E4-mf-N-N.wav,Bb,minor,4.5712357,3.497181
audio/ClBb-ord-B5-ff-N-N.wav,F,minor,3.5927958,3.4799328
audio/Vc-ord-A3-ff-1c-N.wav,B,minor,4.649604,3.7723217
audio/Tbn-ord-C#4-ff-N-N.wav,G,minor,2.6767583,2.9715402
audio/Cb-ord-A3-mf-2c-N.wav,G,minor,4.593274,3.7026355
audio/Cb-ord-G#2-mf-4c-T12u.wav,F,major,4.3759375,3.9499416
audio/Vc-ord-C4-ff-2c-N.wav,B,minor,3.8842118,4.2209682
audio/Ob-ord-F4-ff-N-N.wav,B,minor,3.5783846,3.0981846
audio/Va-ord-C3-ff-4c-N.wav,F#,minor,4.669577,4.0490885
audio/Vn-ord-D6-ff-1c-T11d.wav,D,major,4.2371664,4.4818463
audio/Vn-ord-A4-mf-4c-N.wav,Eb,major,4.2581058,3.1206338
audio/Fl-ord-E6-ff-N-T25d.wav,Eb,minor,3.819974,3.3300724
audio/Bn-ord-D#3-ff-N-N.wav,A,minor,4.5997953,2.848027
audio/Ob-ord-G6-mf-N-T15u.wav,A,major,4.7033024,3.8100824
audio/Va-ord-E4-mf-4c-N.wav,Bb,minor,4.3856997,3.4657745
audio/Va-ord-C5-ff-2c-N.wav,Eb,minor,4.256601,3.601674
audio/Vn-ord-G#4-ff-3c-N.wav,C#,minor,4.294242,3.8454447
audio/Tbn-ord-C#3-ff-N-N.wav,G,minor,2.845023,3.5072403
audio/Cb-ord-E1-ff-4c-N.wav,Bb,minor,4.1068816,4.416675
audio/Cb-ord-C3-mf-1c-N.wav,F#,minor,4.7030387,3.4998226
audio/Cb-ord-D#3-mf-2c-N.wav,D,major,4.66337,3.8179598
audio/Bn-ord-C4-mf-N-N.wav,F#,minor,4.7373915,3.4810953
audio/Vn-ord-A4-mf-3c-N.wav,Eb,minor,4.7100186,3.8078322
audio/Vn-ord-D4-ff-3c-N.wav,F,minor,4.1712832,3.7754378
audio/Vn-ord-C7-mf-1c-T27d.wav,Eb,minor,4.712292,3.90469
audio/Va-ord-F#4-mf-2c-N.wav,C,minor,4.5710816,3.4332364
audio/Cb-ord-A#1-ff-3c-N.wav,E,minor,4.4194846,3.9884064
audio/Fl-ord-C#5-ff-N-N.wav,G,minor,3.9101627,3.2203476
audio/Tbn-ord-E3-ff-N-N.wav,A,major,4.2688675,3.2366717
audio/Va-ord-A4-ff-1c-N.wav,Eb,minor,4.434973,3.6063929
audio/Hn-ord-C#4-mf-N-T12u.wav,G,minor,4.373468,3.1374454
audio/Tbn-ord-E2-ff-N-T12d.wav,Bb,minor,2.6526542,4.2600207
audio/Vn-ord-D#5-ff-3c-N.wav,F#,minor,3.7920105,4.2158523
audio/Vc-ord-B4-ff-1c-N.wav,C#,minor,4.3169494,4.1160493
audio/Cb-ord-A#2-ff-3c-T13u.wav,C,major,4.9324627,3.6788774
audio/Cb-ord-B1-mf-3c-R100u.wav,F,major,4.5847383,4.097059
audio/Va-ord-A#4-mf-2c-N.wav,D,minor,4.9056525,3.7999077
audio/Bn-ord-A#4-ff-N-T11u.wav,F,major,4.167074,3.2425
audio/Vc-ord-G4-mf-2c-N.wav,C,minor,4.026382,3.4089139
audio/Vn-ord-D#7-ff-1c-T23d_R100u.wav,G,minor,4.0845695,4.147612
audio/Cb-ord-G3-ff-3c-T16u.wav,C,minor,4.5275164,3.7706404
audio/Fl-ord-F#6-mf-N-T10d.wav,F,major,3.9139235,3.3350575
audio/Hn-ord-F#4-ff-N-N.wav,C,minor,4.261975,3.4922864
audio/Cb-ord-G#2-mf-3c-T10u.wav,D,minor,4.6430745,3.8537717
audio/Cb-ord-G3-mf-2c-N.wav,G,minor,4.8267083,3.8150585
audio/BTb-ord-C4-mf-N-N.wav,F#,minor,4.5713687,3.491046
audio/Bn-ord-E3-mf-N-T11d.wav,Bb,minor,4.488222,3.0571845
audio/Ob-ord-D#4-mf-N-N.wav,A,minor,4.26012,3.3229306
audio/Cb-ord-G#4-mf-1c-N.wav,D,major,4.522761,3.4685404
audio/ASax-ord-A3-mf-N-R100d.wav,Eb,minor,4.6722283,3.4006538
audio/Bn-ord-C#3-mf-N-R100d.wav,G,minor,4.279333,2.7329984
audio/Vc-ord-D4-ff-1c-N.wav,C,minor,4.320465,4.182874
audio/Bn-ord-F#3-ff-N-T13d.wav,C,minor,4.358345,2.8134944
audio/Fl-ord-D#6-ff-N-T16d.wav,A,major,4.0860357,3.276179
audio/Vc-ord-A#3-ff-3c-N.wav,E,minor,3.944319,3.75014
audio/Vc-ord-C6-mf-1c-N.wav,F#,minor,4.1162467,4.182375
audio/Vc-ord-G2-ff-4c-N.wav,C#,minor,5.118844,3.9022675
audio/ClBb-ord-E3-mf-N-N.wav,Bb,minor,4.669481,3.56672
audio/Bn-ord-A3-ff-N-T14d.wav,B,major,4.14137,3.2054582
audio/Va-ord-B4-ff-4c-N.wav,Eb,major,3.9400375,3.6491506
audio/Cb-ord-G2-mf-1c-N.wav,C#,minor,4.758177,3.9839973
audio/TpC-ord-G#5-ff-N-N.wav,D,minor,4.4564033,3.9917994
audio/Vc-ord-D#4-ff-2c-T12u.wav,Ab,minor,4.152705,3.872079
audio/Cb-ord-F3-mf-1c-N.wav,Ab,minor,4.6765347,3.583887
audio/Bn-ord-D#4-mf-N-N.wav,Ab,minor,4.31248,3.135552
audio/Va-ord-B4-mf-3c-N.wav,Bb,major,4.612294,3.500102
audio/Cb-ord-E2-ff-3c-N.wav,Bb,minor,4.4647083,3.9022682
audio/Cb-ord-F3-ff-1c-N.wav,C,minor,4.2567854,3.7961702
audio/ClBb-ord-F3-ff-N-T16u.wav,B,minor,4.325591,3.5857246
audio/Bn-ord-D2-ff-N-N.wav,Ab,minor,4.4115233,3.3345497
audio/Vn-ord-G#3-ff-4c-T16u.wav,Ab,major,4.1099977,3.9220457
audio/Va-ord-F5-mf-3c-N.wav,Eb,minor,4.6348257,3.7396395
audio/Vc-ord-C#3-mf-3c-N.wav,D,major,4.546877,3.4235296
audio/Ob-ord-A#5-ff-N-N.wav,B,minor,3.7485492,3.2415915
audio/Vn-ord-B6-ff-1c-T20d.wav,G,minor,4.1737657,3.8169985
audio/Va-ord-E4-mf-3c-N.wav,Bb,minor,4.4151964,3.6767364
audio/ASax-ord-D4-ff-N-N.wav,E,major,4.0533967,3.4888594
audio/ClBb-ord-D5-ff-N-T14u.wav,F,minor,3.5245612,3.166682
audio/Hn-ord-B1-mf-N-N.wav,F,minor,4.3165727,3.1318388
audio/BTb-ord-F4-mf-N-N.wav,Bb,minor,3.9383323,3.8315816
audio/Tbn-ord-E2-mf-N-N.wav,D,major,3.899375,3.5821166
audio/Vc-ord-C#4-ff-3c-N.wav,G,major,4.030345,3.6075888
audio/ClBb-ord-G#3-ff-N-T19u.wav,A,minor,4.02558,3.3988688
audio/Ob-ord-C#5-ff-N-N.wav,D,major,3.7763746,3.085307
audio/Vn-ord-F6-ff-2c-T20d.wav,G,minor,4.4323215,3.9682596
audio/Cb-ord-A2-ff-1c-R100d.wav,C,minor,4.8627896,4.040269
audio/Vc-ord-A#3-mf-2c-T12u.wav,E,minor,4.6175675,3.642706
audio/Tbn-ord-B3-mf-N-N.wav,E,major,4.608267,3.1370091
audio/Hn-ord-G#4-mf-N-N.wav,Bb,major,4.4001026,3.1865482
audio/Cb-ord-A1-ff-3c-N.wav,Eb,minor,4.3127823,3.9210308
audio/Ob-ord-C5-ff-N-N.wav,F#,major,4.079316,3.2254953
audio/Vn-ord-A5-mf-3c-N.wav,F#,minor,4.59941,3.7463665
audio/TpC-ord-D5-ff-N-N.wav,E,major,3.9425392,3.6021302
audio/Tbn-ord-A4-ff-N-N.wav,B,major,4.087774,2.6983614
audio/BTb-ord-F#2-mf-N-T19u.wav,C,minor,4.264872,3.129373
audio/TpC-ord-B5-mf-N-T13u.wav,F,minor,4.3644366,3.6878166
audio/ClBb-ord-D5-mf-N-N.wav,G,minor,4.5174336,3.5660942
audio/Vc-ord-A#5-ff-1c-N.wav,C,major,4.229239,4.2039514
audio/Bn-ord-B1-mf-N-N.wav,F,minor,4.148925,2.8441412
audio/ASax-ord-C#5-mf-N-N.wav,Bb,major,4.699318,3.6437366
audio/Cb-ord-C3-ff-1c-N.wav,F,major,4.7224665,4.288265
audio/Cb-ord-D#2-ff-4c-T16u.wav,A,minor,4.2686596,4.0445538
audio/Cb-ord-E4-ff-1c-N.wav,C,minor,4.2271,4.0139627
audio/Bn-ord-D#2-mf-N-N.wav,A,minor,4.0648603,2.708229
audio/Hn-ord-C3-ff-N-N.wav,F#,minor,4.4006023,3.6037056
audio/Va-ord-D#3-ff-4c-T20u.wav,A,minor,4.4438524,3.7691264
audio/Hn-ord-A2-mf-N-N.wav,G,minor,4.4368877,3.0754712
audio/Bn-ord-A#1-ff-N-N.wav,E,minor,4.275114,2.903267
audio/Vn-ord-E5-mf-3c-N.wav,G,minor,4.6354713,3.7021842
audio/Vn-ord-D5-mf-3c-N.wav,C,minor,4.821763,3.8719332
audio/Va-ord-C#6-ff-2c-N.wav,Eb,minor,3.9631557,3.8437984
audio/ClBb-ord-B3-ff-N-T16u.wav,F,minor,3.4531863,3.1786463
audio/ClBb-ord-G3-mf-N-N.wav,C#,minor,4.677244,3.454856
audio/Tbn-ord-G#4-mf-N-N.wav,Bb,major,4.310613,3.2189314
audio/Tbn-ord-F3-ff-N-N.wav,B,minor,4.063601,3.209233
audio/Bn-ord-D4-ff-N-N.wav,Ab,major,4.053051,3.07422
audio/Hn-ord-D5-ff-N-N.wav,Ab,minor,4.194653,3.164245
audio/Va-ord-A4-mf-1c-N.wav,Eb,minor,4.7345057,3.569861
audio/Cb-ord-G#3-ff-3c-N.wav,C,major,4.623297,3.4077802
audio/Fl-ord-E5-ff-N-N.wav,Bb,minor,3.610139,3.146293
audio/Vn-ord-C#6-ff-2c-N.wav,C#,major,3.6289861,4.2717705
audio/ClBb-ord-G3-ff-N-T20u.wav,Ab,major,3.9687054,3.5845478
audio/Vc-ord-C#5-ff-1c-N.wav,C#,minor,3.9286547,3.8787196
audio/Vn-ord-A4-ff-3c-N.wav,C#,major,4.178723,3.883684
audio/Vc-ord-G#5-ff-1c-T10u.wav,C#,minor,3.7321627,4.1065154
audio/Tbn-ord-C2-ff-N-T58d.wav,F#,minor,2.1499925,3.5273468
audio/Hn-ord-D#4-ff-N-N.wav,A,minor,3.9255993,3.355818
audio/Cb-ord-D#3-mf-1c-N.wav,C,major,4.698254,3.5438838
audio/Vc-ord-E2-mf-4c-N.wav,Bb,minor,4.5306015,3.6189413
audio/Hn-ord-D#2-ff-N-T11u.wav,A,minor,3.7642443,3.369283
audio/Cb-ord-A2-mf-3c-R100d.wav,C,minor,4.7245317,3.8726702
audio/Vn-ord-G4-mf-3c-N.wav,C#,minor,4.8320093,3.7672925
audio/Tbn-ord-E3-mf-N-N.wav,Bb,minor,4.436717,3.3782039
audio/Vn-ord-F#5-ff-2c-N.wav,G,minor,4.097794,3.8890533
audio/ClBb-ord-A5-mf-N-N.wav,Eb,minor,4.0800023,3.490763
audio/Hn-ord-G4-mf-N-N.wav,C#,minor,4.372517,3.2235527
audio/Hn-ord-A#4-ff-N-N.wav,F,major,4.288591,3.0662248
audio/ASax-ord-D#3-ff-N-N.wav,Bb,major,4.509946,3.2673542
audio/Vn-ord-F4-mf-3c-N.wav,C#,major,4.71487,3.6705513
audio/Tbn-ord-C3-mf-N-T18d.wav,F#,minor,4.1362605,3.1750562
audio/Ob-ord-D#5-ff-N-N.wav,Bb,major,3.456813,2.9125824
audio/TpC-ord-A4-ff-N-T22u.wav,Eb,minor,4.267024,3.965414
audio/Cb-ord-D#3-mf-3c-T24d.wav,F#,minor,4.642435,3.8071175
audio/Vc-ord-D3-mf-3c-N.wav,Ab,minor,4.166331,3.3923905
audio/Va-ord-E4-ff-2c-N.wav,Bb,minor,3.9399633,3.5194216
audio/Hn-ord-F4-ff-N-N.wav,B,minor,4.2103686,3.4672203
audio/TpC-ord-D#4-ff-N-N.wav,Ab,minor,4.173414,3.5467482
audio/Bn-ord-D3-ff-N-T11d.wav,E,major,4.697887,3.0447972
audio/Cb-ord-G2-mf-4c-T10u_R100u.wav,C#,minor,4.7876377,3.7668984
audio/ClBb-ord-F#4-ff-N-T24u.wav,C,minor,4.4297867,3.5324662
audio/Cb-ord-F#3-ff-2c-T19u.wav,C,minor,4.459557,3.8916087
audio/TpC-ord-B3-mf-N-N.wav,F,minor,4.7323284,3.5485983
audio/Hn-ord-D#4-mf-N-N.wav,A,minor,4.2595844,3.8481865
audio/Va-ord-C5-mf-3c-N.wav,Eb,minor,4.8375564,3.6820927
audio/ClBb-ord-A#4-mf-N-N.wav,E,minor,4.518032,3.2933204
audio/Hn-ord-E3-mf-N-N.wav,Bb,minor,4.6538525,3.263173
audio/ClBb-ord-D#4-mf-N-N.wav,A,minor,4.6164317,3.4615965
audio/Vc-ord-A#3-ff-1c-N.wav,C,major,4.3254223,3.8892546
audio/Ob-ord-G#4-ff-N-N.wav,Bb,major,4.235306,3.3569784
audio/TpC-ord-C4-mf-N-N.wav,F#,minor,4.750904,3.6052792
audio/Hn-ord-G#4-ff-N-N.wav,D,minor,4.4492307,3.023977
audio/Ob-ord-C6-mf-N-N.wav,D,minor,4.461901,3.6830902
audio/Ob-ord-G4-ff-N-N.wav,A,major,4.50188,3.5041234
audio/Vn-ord-B6-mf-1c-T15d.wav,Eb,minor,4.6259446,3.790341
audio/Va-ord-F#4-ff-4c-T29u.wav,C,minor,4.01034,3.7507904
audio/ASax-ord-B3-mf-N-N.wav,F,minor,4.4893374,3.2795494
audio/BTb-ord-C#4-mf-N-N.wav,G,minor,4.2011533,3.4849238
audio/Vc-ord-E2-ff-4c-N.wav,Bb,minor,4.4576664,3.8458097
audio/Cb-ord-F1-ff-4c-N.wav,B,minor,4.222017,4.5583415
audio/TpC-ord-C4-ff-N-N.wav,F,minor,4.555637,3.8932352
audio/Cb-ord-D#3-ff-2c-N.wav,C,minor,4.490838,3.6554003
audio/Hn-ord-A#3-mf-N-N.wav,E,minor,4.643904,3.044627
audio/Vc-ord-F#3-mf-4c-T15u.wav,C,minor,4.128292,2.6806662
audio/Hn-ord-F2-mf-N-N.wav,B,minor,4.0450606,2.7384903
audio/ClBb-ord-F6-ff-N-T10u.wav,A,minor,4.058849,3.823479
audio/Va-ord-C5-mf-1c-N.wav,D,minor,4.5887547,3.3369906
audio/Fl-ord-D#4-mf-N-N.wav,A,minor,4.613405,3.469389
audio/Cb-ord-B2-ff-4c-T25u.wav,F,minor,5.002697,4.0444827
audio/Vc-ord-A#3-mf-4c-N.wav,E,minor,3.8325617,3.0035489
audio/Tbn-ord-D#4-ff-N-N.wav,A,minor,3.1601527,3.1908627
audio/Hn-ord-C4-ff-N-N.wav,F#,minor,3.8486865,3.482441
audio/ClBb-ord-F#5-ff-N-N.wav,C,major,3.7679334,3.3751864
audio/Vc-ord-G3-mf-3c-N.wav,Ab,major,4.3016334,3.250298
audio/Hn-ord-G#3-mf-N-N.wav,Bb,major,4.3831105,2.7972164
audio/Vn-ord-G#5-ff-2c-N.wav,G,minor,4.215651,4.255702
audio/Hn-ord-B3-ff-N-N.wav,F,minor,4.2405667,3.4490728
audio/Fl-ord-F4-mf-N-N.wav,B,minor,4.527558,3.4128735
audio/Va-ord-A#4-ff-2c-N.wav,Eb,major,4.1528454,3.435157
audio/Va-ord-A#4-mf-1c-N.wav,Eb,minor,4.6271424,3.4379573
audio/Va-ord-E5-mf-2c-T11u.wav,Eb,minor,4.54352,3.2673826
audio/Ob-ord-A#4-ff-N-N.wav,D,major,4.130169,3.133746
audio/Vn-ord-C6-mf-1c-T12d.wav,G,major,4.770377,3.7711883
audio/Cb-ord-C#3-ff-3c-T20u.wav,G,minor,4.8358097,4.0831017
audio/Va-ord-D4-mf-4c-N.wav,Ab,minor,4.384498,3.4012165
audio/ClBb-ord-C6-ff-N-N.wav,D,major,3.5723188,3.186701
audio/Vn-ord-F#4-ff-3c-T10u.wav,C,minor,4.1779776,4.11683
audio/Fl-ord-A5-mf-N-T11d.wav,Eb,minor,4.4976325,3.4580746
audio/Vc-ord-E4-mf-1c-N.wav,Ab,minor,4.3576527,3.4317036
audio/Va-ord-C4-mf-3c-N.wav,F#,minor,4.615288,3.6019454
audio/Bn-ord-G3-mf-N-N.wav,C#,minor,4.5823927,3.0138493
audio/Ob-ord-C6-ff-N-N.wav,Bb,major,4.0816894,3.4087226
audio/Vn-ord-F#5-ff-3c-N.wav,G,minor,3.9284976,4.04685
audio/Bn-ord-C2-mf-N-N.wav,F#,minor,4.006058,2.9431667
audio/Vc-ord-D#3-mf-3c-N.wav,A,major,4.115526,3.350069
audio/Cb-ord-D#4-ff-1c-T20u.wav,Eb,major,4.12588,3.6546202
audio/Vc-ord-G#4-ff-1c-T18u.wav,D,minor,3.9369214,4.3246303
audio/Vc-ord-B3-mf-1c-N.wav,Ab,minor,4.642587,3.3876905
audio/Vc-ord-G#2-ff-4c-T12u.wav,D,minor,4.5748086,3.700995
audio/Vn-ord-F5-ff-1c-N.wav,G,major,3.5941205,4.113025
audio/Va-ord-G#5-ff-1c-T15u.wav,Bb,major,3.823887,3.9387887
audio/Va-ord-E5-ff-2c-T16u.wav,Bb,major,3.5762298,3.5701966
audio/Vc-ord-G#2-mf-4c-N.wav,C#,major,4.3497033,3.4300108
audio/Cb-ord-F4-ff-1c-N.wav,Ab,major,4.0585966,3.5930476
audio/Vn-ord-A5-ff-3c-N.wav,F#,major,3.4311326,4.2026806
audio/Va-ord-D4-mf-2c-N.wav,Ab,minor,4.736453,3.7370415
audio/Hn-ord-G#3-ff-N-N.wav,D,minor,4.366459,3.1020918
audio/Hn-ord-A#3-ff-N-N.wav,E,minor,4.412564,3.2200382
audio/Vc-ord-G3-ff-3c-N.wav,C#,major,3.8503766,3.4346118
audio/Vc-ord-C#4-mf-2c-N.wav,G,major,4.2472105,3.4888074
audio/TpC-ord-C#4-ff-N-T39u.wav,G,minor,4.3128924,4.124918
audio/Cb-ord-A#3-ff-1c-N.wav,Ab,major,4.2238283,3.4502695
audio/Hn-ord-F5-mf-N-N.wav,B,minor,4.168747,3.279748
audio/Va-ord-B4-mf-4c-N.wav,Eb,major,4.269726,3.4882016
audio/Cb-ord-F3-ff-2c-T12u.wav,C,minor,4.593659,3.741165
audio/Hn-ord-G1-mf-N-T40d.wav,F,minor,4.3887963,3.6975641
audio/Hn-ord-D#2-mf-N-N.wav,A,minor,4.061026,2.8091176
audio/Bn-ord-D2-mf-N-N.wav,Ab,minor,4.3396683,3.3778293
audio/Bn-ord-E2-mf-N-T10u.wav,Bb,minor,4.246359,3.1002705
audio/Cb-ord-B3-ff-2c-N.wav,C,minor,4.0068407,3.3198264
audio/Hn-ord-G#1-mf-N-N.wav,D,minor,4.4245667,3.574496
audio/BTb-ord-D#4-mf-N-N.wav,F,major,4.150493,4.056734
audio/Va-ord-B4-mf-1c-N.wav,E,major,4.7239833,3.6364932
audio/Tbn-ord-D#2-ff-N-N.wav,A,minor,2.80719,3.3606842
audio/Va-ord-F5-mf-2c-T12u.wav,Eb,minor,4.2222314,3.1987727
audio/Ob-ord-B3-mf-N-N.wav,C#,major,4.1808314,3.1765468
audio/Va-ord-C6-ff-2c-N.wav,Eb,minor,4.192197,3.9694138
audio/Va-ord-A#6-mf-1c-N.wav,Eb,minor,4.828425,3.7775486
audio/Vc-ord-C3-mf-4c-N.wav,F#,minor,4.6501107,3.5638106
audio/Hn-ord-E2-mf-N-N.wav,Bb,minor,4.1086273,2.646599
audio/Tbn-ord-A#3-mf-N-N.wav,E,minor,4.435737,3.1327717
audio/Cb-ord-A1-mf-4c-N.wav,C,minor,4.1938295,3.4206614
audio/Va-ord-D5-ff-3c-N.wav,D,minor,4.787713,3.7297008
audio/Vc-ord-G#2-mf-3c-N.wav,D,minor,4.5436215,3.5450447
audio/Bn-ord-C#3-ff-N-N.wav,G,minor,4.1201315,3.000781
audio/Vn-ord-B3-ff-4c-T17u.wav,D,minor,3.9047422,4.071415
audio/Vc-ord-A4-ff-1c-N.wav,C#,minor,4.024777,3.3888352
audio/TpC-ord-C#5-ff-N-N.wav,G,minor,4.2972226,3.601032
audio/Bn-ord-G#4-mf-N-R100u.wav,F#,minor,4.7918763,3.473147
audio/Bn-ord-D#2-ff-N-T17d.wav,A,minor,4.1695952,2.8332183
audio/Ob-ord-B4-mf-N-N.wav,F,minor,4.2586474,3.491417
audio/Va-ord-B5-mf-1c-T15u.wav,B,major,4.383222,3.6134927
audio/Fl-ord-F5-mf-N-N.wav,B,minor,4.7004156,3.5887291
audio/Vn-ord-G#5-mf-3c-N.wav,C,minor,4.642371,3.8978572
audio/Cb-ord-D2-mf-4c-T14u.wav,Ab,major,4.337017,3.617727
audio/ClBb-ord-G#4-ff-N-N.wav,A,major,3.9716232,3.32695
audio/Va-ord-A3-ff-4c-T16u.wav,Eb,minor,3.660729,3.3653364
audio/Va-ord-B5-ff-2c-N.wav,Eb,minor,4.269829,3.8725035
audio/Vc-ord-D#5-ff-1c-N.wav,A,major,4.2749486,3.8817456
audio/Tbn-ord-C5-ff-N-T24u.wav,F#,minor,3.6378276,2.5029263
audio/Vn-ord-A#5-mf-2c-N.wav,F#,major,4.2593455,3.6302853
audio/ASax-ord-D#4-mf-N-N.wav,F,major,4.4302025,3.4697971
audio/TpC-ord-E5-ff-N-N.wav,A,major,4.157697,3.4071395
audio/Vn-ord-D6-mf-2c-T12d.wav,F#,minor,4.972818,3.945621
audio/Vc-ord-A#2-ff-4c-N.wav,Ab,major,4.6473904,3.8163104
audio/Hn-ord-D4-ff-N-N.wav,Ab,minor,4.1049285,3.5759773
audio/Cb-ord-A#1-mf-3c-N.wav,E,major,4.4026,4.0167313
audio/Va-ord-E6-ff-1c-N.wav,Eb,minor,4.0498867,3.7387714
audio/ClBb-ord-A#5-mf-N-N.wav,E,minor,4.214775,3.536351
audio/Vn-ord-C5-ff-2c-N.wav,D,major,3.7402828,3.4366727
audio/Va-ord-A#4-ff-3c-N.wav,Eb,major,4.0553765,3.2338746
audio/Vc-ord-C5-mf-2c-T11u.wav,A,minor,4.09472,3.5082827
audio/Va-ord-D6-ff-1c-T18u.wav,Eb,minor,4.0854397,3.69381
audio/Hn-ord-C#2-mf-N-N.wav,G,minor,4.0727854,2.9047794
audio/Cb-ord-C#3-mf-3c-N.wav,G,major,4.623004,3.4427185
audio/Va-ord-C#5-ff-3c-N.wav,Eb,major,4.3245325,3.5507767
audio/Fl-ord-A6-mf-N-N.wav,F,minor,4.269985,3.9179432
audio/Cb-ord-A#2-ff-4c-T21u.wav,C#,minor,4.247799,3.4660194
audio/Cb-ord-D2-mf-2c-N.wav,Ab,minor,4.5757575,3.6679823
audio/Vn-ord-A#5-mf-3c-N.wav,Eb,minor,4.531604,3.3554363
audio/Cb-ord-E1-mf-4c-N.wav,Bb,minor,4.3495455,3.8895867
audio/ASax-ord-F#5-mf-N-N.wav,C,minor,4.174873,3.6233563
audio/Va-ord-C#4-ff-3c-N.wav,G,minor,4.3189898,3.5134122
audio/Cb-ord-E3-ff-2c-T16u.wav,G,minor,4.5619426,4.0868635
audio/Bn-ord-C#2-mf-N-N.wav,G,minor,4.280641,2.9131553
audio/Cb-ord-G2-ff-1c-N.wav,C#,minor,4.6385803,3.9303453
audio/BTb-ord-D#3-mf-N-T25u.wav,A,minor,4.875442,3.5844302
audio/Vn-ord-F#5-mf-1c-N.wav,F#,minor,4.833695,3.8980262
audio/Va-ord-A#6-ff-1c-N.wav,Bb,major,4.2432213,3.910218
audio/Vn-ord-G#5-ff-3c-N.wav,F#,minor,4.1516857,4.149046
audio/BTb-ord-F3-mf-N-N.wav,B,minor,4.7702885,3.3766365
audio/Vn-ord-D#5-mf-4c-N.wav,F#,minor,4.5515823,3.6252937
audio/Va-ord-C#3-ff-4c-T26u.wav,G,minor,4.5793076,3.814259
audio/Bn-ord-D#4-ff-N-N.wav,F,minor,4.28828,3.1872864
audio/Vn-ord-E7-mf-1c-T22d.wav,Eb,minor,4.763737,4.037254
audio/Bn-ord-G#2-ff-N-N.wav,D,minor,4.480933,3.3456144
audio/Vn-ord-A6-ff-1c-T11d.wav,C,minor,4.5257034,4.3041563
audio/BTb-ord-A#1-mf-N-N.wav,E,minor,4.059301,2.9940252
audio/Fl-ord-F#6-ff-N-T19d.wav,E,minor,3.948517,3.540499
audio/ClBb-ord-G#5-mf-N-N.wav,Bb,major,4.4834027,3.492726
audio/Cb-ord-A#2-mf-2c-T13u.wav,E,minor,4.8163834,3.6741705
audio/Vc-ord-C#4-mf-3c-N.wav,G,major,3.7401435,3.3318474
audio/Hn-ord-A4-mf-N-N.wav,Eb,minor,4.5893836,3.1682808
audio/Tbn-ord-B2-mf-N-T26d.wav,F,minor,4.112547,3.165208
audio/Vc-ord-A3-mf-1c-N.wav,B,minor,4.8920918,3.8155358
audio/Cb-ord-B2-mf-1c-N.wav,F,minor,4.8301644,3.8024635
audio/ClBb-ord-D6-ff-N-N.wav,G,minor,3.6645188,3.3974357
audio/Vc-ord-C5-ff-2c-N.wav,C,major,4.262776,4.045969
audio/Tbn-ord-A2-ff-N-N.wav,Eb,minor,1.0528836,2.6801462
audio/ASax-ord-F#5-ff-N-N.wav,C,minor,3.8796425,3.5068572
audio/Fl-ord-C#6-mf-N-T15d.wav,G,minor,4.663545,3.59856
audio/Ob-ord-A4-ff-N-N.wav,Ab,minor,4.1904216,3.5070417
audio/Fl-ord-A#4-mf-N-N.wav,E,minor,4.6508117,3.4367256
audio/Vn-ord-G#5-ff-1c-N.wav,G,minor,3.615762,4.318658
audio/Hn-ord-B1-ff-N-N.wav,F,minor,4.3213563,3.2032795
audio/Tbn-ord-A#1-mf-N-N.wav,E,minor,3.780613,3.70985
audio/Vn-ord-D#4-mf-4c-N.wav,Ab,major,4.768327,3.758699
audio/Fl-ord-G6-mf-N-N.wav,E,minor,4.230343,3.5036237
audio/Vn-ord-F#5-ff-1c-N.wav,C#,minor,4.1813455,4.083747
audio/Va-ord-B6-mf-1c-T17u.wav,Eb,minor,4.472036,3.6957216
audio/Vn-ord-A5-ff-1c-N.wav,C,minor,3.8567667,4.099826
audio/Vc-ord-D3-ff-4c-T10d.wav,Ab,major,3.7909775,3.235746
audio/Va-ord-F6-ff-1c-N.wav,Eb,minor,4.1305614,4.2012825
audio/Va-ord-D#4-ff-4c-N.wav,Ab,major,3.811934,3.5310302
audio/Hn-ord-A2-ff-N-N.wav,Eb,minor,4.31016,3.6869771
audio/ASax-ord-E3-mf-N-N.wav,F#,major,4.606482,3.5066288
audio/ClBb-ord-G#5-ff-N-N.wav,Ab,major,3.587984,3.325576
audio/ClBb-ord-B3-mf-N-N.wav,F,minor,4.741613,3.543376
audio/ASax-ord-F#3-ff-N-N.wav,C,minor,4.2058053,3.3375664
audio/Vc-ord-B2-mf-4c-T20u.wav,D,minor,4.419358,3.4122307
audio/ASax-ord-G#5-mf-N-N.wav,C,minor,4.4353333,3.7760286
audio/Cb-ord-G4-mf-1c-N.wav,D,major,4.5193,3.4694839
audio/Vn-ord-A#4-mf-2c-N.wav,C#,minor,4.870097,3.9216032
audio/Bn-ord-A#2-mf-N-T11u.wav,E,minor,4.571841,3.3165832
audio/ASax-ord-G#4-mf-N-N.wav,D,minor,4.3050356,3.2866418
audio/Ob-ord-F#5-ff-N-N.wav,Bb,minor,4.026153,3.3222787
audio/Cb-ord-A4-mf-1c-T10u.wav,Ab,minor,4.4374914,3.127612
audio/ClBb-ord-A#5-ff-N-N.wav,C#,major,3.7205245,3.2421906
audio/Fl-ord-G#6-ff-N-T17d.wav,G,minor,3.938372,3.5393035
audio/Va-ord-G#4-ff-3c-N.wav,Eb,major,3.907584,3.877851
audio/Vc-ord-F4-mf-1c-N.wav,Ab,minor,4.1284738,3.0693066
audio/Cb-ord-D3-mf-2c-N.wav,Ab,minor,4.7483864,4.0756283
audio/Vn-ord-E5-ff-4c-N.wav,F#,major,3.9449782,3.7971516
audio/Vc-ord-E3-mf-3c-N.wav,Bb,minor,4.432873,3.601677
audio/TpC-ord-A5-ff-N-T13u.wav,Eb,minor,4.012408,3.830961
audio/Vn-ord-C4-mf-4c-N.wav,F#,minor,4.207358,3.0961735
audio/TpC-ord-C6-ff-N-T17u.wav,F#,minor,4.001883,3.7103295
audio/Cb-ord-C4-ff-2c-T20u.wav,G,minor,4.396001,3.575097
audio/Fl-ord-B6-mf-N-N.wav,G,minor,3.8105128,3.9211776
audio/Va-ord-F4-mf-3c-N.wav,B,minor,4.4251294,3.5108078
audio/Tbn-ord-D4-mf-N-N.wav,Ab,minor,3.9095888,3.2938643
audio/Vn-ord-C5-mf-2c-N.wav,B,major,4.7333174,3.6912913
audio/Vn-ord-G4-ff-3c-N.wav,Bb,minor,4.071778,3.471183
audio/Ob-ord-D#6-mf-N-N.wav,Bb,minor,4.0982537,3.3583963
audio/TpC-ord-A#4-ff-N-N.wav,E,minor,4.310735,3.7090266
audio/Tbn-ord-C#4-mf-N-T13d.wav,G,minor,3.9321008,3.2253733
audio/Va-ord-A5-mf-1c-N.wav,Eb,minor,4.3921485,3.3176775
audio/Tbn-ord-D2-mf-N-T26d.wav,Ab,minor,3.8612247,3.5517685
audio/Bn-ord-G3-ff-N-N.wav,C#,minor,4.5368056,3.013059
audio/Va-ord-D3-ff-4c-N.wav,Ab,minor,4.1919484,3.9938874
audio/Va-ord-F5-ff-1c-N.wav,Bb,major,3.976835,3.7454855
audio/Hn-ord-B4-mf-N-N.wav,F,minor,4.2896595,3.1783745
audio/Hn-ord-B4-ff-N-N.wav,E,minor,4.1905513,3.2189896
audio/Va-ord-B4-mf-2c-N.wav,Eb,major,4.490989,3.5002747
audio/Fl-ord-D6-ff-N-T20d.wav,F,minor,4.0386596,3.3410065
audio/TpC-ord-G#3-ff-N-T23u_R100d.wav,D,minor,3.7583678,3.5917308
audio/Vn-ord-G#3-mf-4c-T13u.wav,D,minor,4.7744055,3.6679482
audio/Hn-ord-A#1-mf-N-T17d.wav,E,minor,4.188755,3.226383
audio/Vn-ord-G#5-mf-2c-N.wav,F#,minor,4.7786117,3.9455235
audio/Va-ord-D#4-ff-3c-N.wav,A,minor,4.404838,3.66513
audio/Vn-ord-E4-mf-3c-N.wav,G,minor,4.4785256,3.6269827
audio/Cb-ord-F#3-ff-1c-N.wav,C,minor,4.1915407,3.5466447
audio/Cb-ord-A2-mf-4c-N.wav,Eb,major,4.62512,3.8667715
audio/ClBb-ord-C#6-ff-N-N.wav,C#,minor,3.5628693,3.0635154
audio/Va-ord-G#5-mf-1c-T13u.wav,Eb,minor,4.6159344,3.659794
audio/Hn-ord-D3-ff-N-N.wav,Ab,minor,4.479359,3.4312859
audio/ClBb-ord-A5-ff-N-N.wav,Ab,major,3.4827228,3.2077477
audio/Vc-ord-G#3-mf-2c-N.wav,B,minor,3.7082815,3.3442597
audio/Hn-ord-G3-ff-N-N.wav,C#,minor,4.4810486,3.3056717
audio/Cb-ord-B3-mf-1c-N.wav,D,major,4.703404,3.8076074
audio/BTb-ord-F2-mf-N-T24u.wav,B,minor,3.9755805,2.6024315
audio/Hn-ord-E5-ff-N-N.wav,F,major,4.0991654,3.1554365
audio/TpC-ord-F#5-ff-N-N.wav,C,minor,4.3947444,3.6479003
audio/Fl-ord-B3-ff-N-N.wav,F,minor,4.6048884,3.346755
audio/Cb-ord-E2-ff-4c-N.wav,F,major,4.567456,4.103873
audio/Vc-ord-E3-ff-3c-T11d.wav,Bb,major,3.9226086,3.7140968
audio/Ob-ord-D#4-ff-N-N.wav,Bb,minor,3.9624043,3.1411397
audio/Vn-ord-E5-mf-1c-N.wav,C#,major,5.031769,3.9468827
audio/Bn-ord-D#3-mf-N-N.wav,A,minor,4.4925985,3.1639447
audio/BTb-ord-B1-mf-N-T16u.wav,F,minor,3.9950871,2.933775
audio/Tbn-ord-A4-mf-N-N.wav,B,major,4.1080275,2.8372862
audio/TpC-ord-G#3-mf-N-N.wav,D,minor,4.641443,3.5175877
audio/Va-ord-G5-ff-2c-N.wav,Eb,major,4.0458364,3.7011464
audio/Ob-ord-B3-ff-N-N.wav,Bb,minor,4.1873446,3.0680451
audio/Hn-ord-A1-mf-N-N.wav,Eb,minor,4.2481647,3.2754405
audio/ClBb-ord-G5-mf-N-N.wav,C,major,4.215473,3.3783576
audio/Fl-ord-G#4-mf-N-N.wav,Bb,major,4.795643,3.7074664
audio/ASax-ord-E4-ff-N-N.wav,Bb,minor,4.0202327,3.407898
audio/Cb-ord-D2-mf-3c-N.wav,Ab,minor,4.510409,3.9800472
audio/Vc-ord-D#4-ff-1c-T22u.wav,C#,minor,4.0167646,4.0717883
audio/Vc-ord-D2-ff-4c-N.wav,Ab,minor,4.0723023,3.5129776
audio/Tbn-ord-E4-ff-N-N.wav,D,major,3.5903025,3.564177
audio/Va-ord-C5-mf-2c-N.wav,Bb,major,4.6320195,3.507732
audio/Ob-ord-A5-mf-N-T11u.wav,Eb,minor,4.497536,3.3489692
audio/Tbn-ord-C5-mf-N-T23u.wav,D,major,3.6360393,2.8909976
audio/Va-ord-C5-ff-4c-T17u.wav,Bb,major,4.274015,3.8834798
audio/Vn-ord-G#5-mf-1c-N.wav,Bb,minor,4.8231297,4.0459833
audio/Hn-ord-G4-ff-N-N.wav,C#,minor,4.497062,3.5414467
audio/Ob-ord-F5-mf-N-T12u.wav,B,minor,3.8711941,3.1322908
audio/Cb-ord-F2-ff-4c-T12u.wav,C,minor,4.2457285,3.883916
audio/Vc-ord-C4-ff-3c-N.wav,G,major,4.0248957,4.228343
audio/ClBb-ord-E4-mf-N-N.wav,Bb,minor,4.5818944,3.4240973
audio/Fl-ord-C#6-ff-N-T30d.wav,G,minor,4.088446,3.6379185
audio/Va-ord-C3-mf-4c-N.wav,F#,minor,4.7542095,3.595611
audio/ClBb-ord-C6-mf-N-N.wav,F#,minor,4.606914,3.7161534
audio/ClBb-ord-F4-mf-N-N.wav,G,major,4.682856,3.4505794
audio/Hn-ord-D#5-mf-N-N.wav,A,minor,4.400908,3.2487621
audio/Cb-ord-C#3-ff-2c-N.wav,C,minor,4.728552,3.9210384
audio/Cb-ord-G#3-ff-2c-T13u.wav,G,minor,4.7042184,3.8903594
audio/Cb-ord-C#2-ff-3c-T11u.wav,G,minor,4.2434373,3.9352207
audio/Hn-ord-C4-mf-N-N.wav,D,major,4.5499625,3.148482
audio/Vc-ord-D#2-mf-4c-N.wav,A,minor,4.364041,3.7149525
audio/Ob-ord-A#5-mf-N-N.wav,Bb,minor,4.1343036,3.6190832
audio/Vc-ord-F#5-ff-1c-T33u.wav,C#,minor,3.985077,4.183969
audio/Cb-ord-C3-ff-4c-T14u.wav,G,major,4.728153,3.6826234
audio/Bn-ord-D3-mf-N-N.wav,Ab,minor,4.3256464,2.9765773
audio/Vn-ord-C#6-mf-2c-N.wav,G,major,4.8226204,3.83083
audio/Tbn-ord-A#2-ff-N-N.wav,E,minor,1.8178942,3.2861779
audio/TpC-ord-B5-ff-N-N.wav,E,major,3.9561906,3.7069983
audio/Ob-ord-D4-ff-N-N.wav,D,minor,3.7605608,3.0092022
audio/Fl-ord-A#6-ff-N-T15d.wav,Ab,minor,3.741347,3.908886
audio/Cb-ord-D#2-mf-2c-N.wav,A,minor,4.5578475,3.6707325
audio/TpC-ord-C6-mf-N-T11u.wav,F#,minor,4.49102,3.744606
audio/Vn-ord-D5-mf-4c-N.wav,G,minor,4.642642,3.6525397
audio/TpC-ord-F#3-mf-N-T23u.wav,C,minor,4.719,3.5604815
audio/Vn-ord-F4-ff-3c-N.wav,Ab,major,4.507566,3.8689444
audio/Cb-ord-F#3-mf-2c-T14u.wav,G,minor,4.587444,3.263732
audio/ClBb-ord-D6-mf-N-N.wav,E,major,4.5125833,3.4649875
audio/Ob-ord-A#3-ff-N-T10d.wav,D,major,3.9057684,3.005787
audio/Ob-ord-E4-ff-N-N.wav,G,minor,3.8295577,3.3034747
audio/TpC-ord-B4-ff-N-N.wav,F,minor,4.127229,3.6120102
audio/Vn-ord-C4-ff-4c-N.wav,F#,major,3.4015875,3.8572612
audio/Vn-ord-G5-mf-2c-N.wav,D,major,4.8817153,3.9384904
audio/Fl-ord-B5-mf-N-T17d.wav,F,minor,4.459521,3.5587552
audio/Vc-ord-D2-mf-4c-N.wav,Ab,minor,4.278284,3.4874718
audio/Va-ord-E6-mf-1c-N.wav,Eb,minor,4.6583695,3.6963472
audio/Bn-ord-C5-mf-N-N.wav,F#,minor,4.2413263,2.9138455
audio/BTb-ord-E4-mf-N-T11d.wav,G,minor,4.0643144,3.6890526
audio/Vn-ord-G6-ff-1c-T12d_R100u.wav,E,minor,4.6225886,3.8037348
audio/Vc-ord-A#3-mf-1c-N.wav,B,major,4.6096344,3.4933794
audio/TpC-ord-D#5-mf-N-N.wav,F#,minor,4.555555,3.5627403
audio/TpC-ord-F4-ff-N-T17u.wav,B,minor,4.3949275,3.6319954
audio/Tbn-ord-D2-ff-N-T37d.wav,Ab,minor,2.3223839,3.9590235
audio/Vn-ord-D#5-ff-2c-N.wav,F#,major,4.264008,3.8219416
audio/Cb-ord-B4-ff-1c-T15d.wav,C,minor,4.455152,4.038605
audio/Vc-ord-A2-ff-4c-N.wav,Eb,minor,4.691339,3.9418497
audio/ASax-ord-F4-ff-N-N.wav,B,minor,4.1428165,3.3175962
audio/Ob-ord-A6-ff-N-T18u.wav,D,minor,4.4120636,3.9109714
audio/Vc-ord-F#3-mf-2c-N.wav,C,major,4.136015,3.095132
audio/ClBb-ord-D#3-ff-N-T35u.wav,A,minor,4.021162,3.548229
audio/Va-ord-A6-ff-1c-T11u.wav,Eb,minor,4.7459874,4.0176167
audio/Fl-ord-C6-ff-N-T38d.wav,F#,minor,4.0557323,3.3123302
audio/Va-ord-A5-mf-2c-N.wav,Eb,minor,4.632996,3.3878944
audio/Vc-ord-F#4-ff-2c-N.wav,C#,minor,4.048802,3.8046286
audio/Va-ord-F#5-ff-3c-N.wav,Bb,major,3.6884727,3.66184
audio/Vn-ord-A#4-ff-2c-N.wav,E,minor,4.2376738,3.928238
audio/Vc-ord-G5-ff-1c-N.wav,C,minor,4.019603,4.201508
audio/Vc-ord-E3-ff-4c-N.wav,D,minor,4.0964675,3.5354908
audio/Vn-ord-G3-ff-4c-N.wav,Bb,minor,4.406456,4.0516777
audio/Vn-ord-A4-mf-2c-N.wav,Eb,major,4.8143845,3.6869855
audio/Tbn-ord-G2-ff-N-N.wav,C#,minor,1.4352751,3.2895029
audio/BTb-ord-G#2-mf-N-T26u.wav,D,minor,4.2300167,2.9208703
audio/ClBb-ord-E5-ff-N-N.wav,F#,minor,3.794358,3.0943384
audio/Vc-ord-C#2-ff-4c-N.wav,G,minor,4.4133186,3.6781373
audio/Tbn-ord-B2-ff-N-T26d.wav,F,minor,3.2063901,3.5309694
audio/Cb-ord-F2-mf-3c-N.wav,B,minor,4.5002027,3.6609192
audio/Vc-ord-G#3-ff-3c-N.wav,B,minor,4.305692,3.3887942
audio/Vn-ord-B5-mf-2c-N.wav,D,major,4.6749783,3.863675
audio/Va-ord-A#4-mf-4c-N.wav,Eb,major,4.0549645,3.224783
audio/Fl-ord-C#5-mf-N-N.wav,G,minor,4.7958565,3.5910254
audio/Ob-ord-E6-mf-N-T22u.wav,D,minor,4.222796,3.511797
audio/Fl-ord-C#4-mf-N-N.wav,G,minor,4.7077966,3.4449537
audio/Vn-ord-E5-ff-3c-N.wav,F#,major,4.103661,3.9569166
audio/Bn-ord-F4-ff-N-N.wav,Bb,minor,3.7244458,2.9810696
audio/Bn-ord-G4-mf-N-N.wav,F,minor,4.7590294,3.4519687
audio/Tbn-ord-C4-ff-N-N.wav,D,major,3.7388325,3.0401835
audio/Vn-ord-D#6-ff-1c-N.wav,F#,minor,3.5252295,4.3460937
audio/Hn-ord-C#2-ff-N-N.wav,G,minor,4.05582,2.6625516
audio/Cb-ord-F2-ff-3c-N.wav,C,minor,4.2456245,3.6608782
audio/Cb-ord-D3-ff-4c-T31u.wav,Ab,major,4.8852315,3.922132
audio/ClBb-ord-D#3-mf-N-N.wav,A,minor,4.7075543,3.6217468
audio/Cb-ord-G#2-ff-1c-N.wav,F,major,4.6237907,4.0747
audio/Tbn-ord-B4-mf-N-N.wav,F,minor,4.1184015,3.0595562
audio/ASax-ord-F#4-mf-N-N.wav,C,minor,4.4676394,3.4212437
audio/Vn-ord-C#5-mf-4c-N.wav,D,major,4.2247744,3.407877
audio/Vn-ord-A#5-ff-2c-T10u.wav,G,minor,3.6516135,4.0348372
audio/Va-ord-D5-mf-3c-T10d.wav,Eb,minor,4.877368,3.812645
audio/TpC-ord-F#4-ff-N-T14u.wav,C,minor,4.3837876,3.6806934
audio/TpC-ord-E5-mf-N-R100u.wav,F#,minor,4.595085,3.6571817
audio/ClBb-ord-F#3-ff-N-T21u.wav,C,minor,4.2193565,3.739542
audio/Hn-ord-E4-mf-N-N.wav,Bb,minor,4.250105,3.6514943
audio/ClBb-ord-E5-mf-N-N.wav,Bb,minor,4.590696,3.3863575
audio/Vc-ord-A2-mf-3c-N.wav,Eb,minor,4.7233768,3.7836251
audio/Vn-ord-A#6-ff-1c-N.wav,G,major,3.5551817,4.507563
audio/BTb-ord-D2-mf-N-T15u.wav,Ab,minor,3.9614422,2.5519047
audio/Vc-ord-D#3-ff-4c-T16u.wav,A,minor,4.2117887,3.1259518
audio/Cb-ord-G2-ff-2c-N.wav,C#,minor,4.640283,3.8539479
audio/Hn-ord-A3-ff-N-N.wav,B,minor,4.2578683,3.0810225
audio/Vn-ord-E6-mf-1c-N.wav,C#,major,4.5205703,3.7871177
audio/Vn-ord-F#6-mf-2c-T11d.wav,G,major,4.7220383,3.63456
audio/Cb-ord-E4-mf-1c-N.wav,G,minor,4.35484,3.5667822
audio/Tbn-ord-F4-mf-N-N.wav,B,minor,4.1113644,3.3488653
audio/Vn-ord-G#6-ff-2c-T14d.wav,G,minor,4.2725134,4.2286987
audio/ClBb-ord-A#3-ff-N-T13u.wav,E,minor,3.5100584,3.4388053
audio/Vn-ord-F4-mf-4c-N.wav,Ab,minor,4.672394,3.6087549
audio/Vn-ord-F#6-ff-2c-T16d.wav,F#,minor,4.694629,3.6578722
audio/ASax-ord-A5-mf-N-N.wav,Eb,minor,3.6713982,3.5676045
audio/Bn-ord-A#3-ff-N-N.wav,E,minor,4.2081394,3.0555305
audio/BTb-ord-B3-mf-N-N.wav,F,minor,4.512259,3.2827153
audio/Fl-ord-G4-mf-N-N.wav,C#,minor,4.862354,3.6581743
audio/ClBb-ord-F4-ff-N-T13u.wav,E,minor,4.3291054,3.4775765
audio/Vn-ord-B4-ff-3c-N.wav,F#,minor,3.936696,3.5052986
audio/Va-ord-D#6-ff-1c-T14u.wav,Eb,minor,3.7802641,3.8535185
audio/Ob-ord-A#4-mf-N-R100u.wav,C,major,4.3353176,3.392398
audio/Bn-ord-A#2-ff-N-N.wav,C,minor,4.6848273,3.40312
audio/Va-ord-D#5-ff-1c-T12u.wav,Eb,minor,3.7668426,3.780152
audio/Fl-ord-A4-mf-N-N.wav,Eb,minor,4.6637025,3.453024
audio/Bn-ord-F2-ff-N-T10d.wav,B,minor,4.2356734,3.2661753
audio/Vc-ord-F#4-mf-2c-N.wav,C,minor,3.9864204,3.2941291
audio/Vc-ord-G3-mf-2c-N.wav,G,major,4.1195574,3.144105
audio/Cb-ord-A2-mf-2c-N.wav,Eb,minor,4.785466,3.929019
audio/ClBb-ord-D4-mf-N-N.wav,Ab,minor,4.6256084,3.3082154
audio/Tbn-ord-A3-ff-N-N.wav,Eb,minor,3.9483347,3.3983731
audio/Vc-ord-A#2-ff-3c-N.wav,C,major,4.5897536,3.8720183
audio/ClBb-ord-F#3-mf-N-T15d.wav,C,minor,4.7071643,3.5757399
audio/Vn-ord-G#6-mf-1c-T11d_R100d.wav,D,minor,4.963855,3.8584917
audio/Bn-ord-F4-mf-N-N.wav,B,minor,4.1850815,3.5041118
audio/Vn-ord-A3-mf-4c-N.wav,B,minor,4.3622975,3.32028
audio/Va-ord-D5-ff-2c-N.wav,Eb,major,4.485956,3.702323
audio/Cb-ord-F#3-mf-3c-T15u.wav,G,major,4.6038275,3.3364117
audio/ASax-ord-A#3-mf-N-N.wav,E,minor,4.6952343,3.4195328
audio/Va-ord-C#6-mf-2c-N.wav,Bb,major,4.4533806,3.3701105
audio/TpC-ord-G3-ff-N-T21u.wav,C#,minor,3.2359304,3.577914
audio/ASax-ord-G#3-mf-N-N.wav,D,minor,4.648664,3.2897422
audio/Cb-ord-C#4-mf-2c-T12u.wav,G,minor,4.588927,3.8370962
audio/Vc-ord-D#4-mf-2c-T12u.wav,A,minor,4.1123047,3.3575733
audio/Va-ord-B6-ff-1c-T13u.wav,Eb,minor,4.301196,3.8395662
audio/Vn-ord-C#6-mf-1c-N.wav,C#,major,4.8602376,4.105869
audio/Vn-ord-C6-ff-3c-T18d.wav,C#,major,4.237607,4.2976804
audio/Vn-ord-A5-mf-1c-N.wav,F#,major,4.795174,3.8852992
audio/Va-ord-D#5-ff-2c-N.wav,Bb,major,4.256948,3.611144
audio/Va-ord-D#5-ff-3c-N.wav,Bb,major,4.1749763,3.591141
audio/Va-ord-C#6-mf-1c-N.wav,Eb,minor,4.5652285,3.426443
audio/Bn-ord-C2-ff-N-N.wav,F#,minor,4.3101177,3.664399
audio/TpC-ord-A3-ff-N-T23u.wav,Eb,minor,3.6049855,3.7105134
audio/Vc-ord-D3-mf-4c-N.wav,Ab,minor,4.1980295,3.6700852
audio/Bn-ord-C4-ff-N-N.wav,F#,minor,4.1576204,3.192778
audio/Vn-ord-A#4-ff-3c-N.wav,G,major,4.3293424,3.652576
audio/Vc-ord-E4-ff-2c-N.wav,Ab,minor,4.1039257,3.6083343
audio/Bn-ord-E3-ff-N-R100u.wav,Bb,minor,4.6144223,3.1392722
audio/Cb-ord-C#2-mf-4c-N.wav,G,minor,4.3101907,3.5626764
audio/Cb-ord-A3-mf-1c-N.wav,Ab,minor,4.689675,3.683938
audio/Vn-ord-B5-ff-1c-N.wav,G,major,3.6460865,4.0815644
audio/ASax-ord-G5-ff-N-N.wav,C#,minor,3.9157655,3.1493385
audio/Vc-ord-A2-ff-3c-T19d.wav,Eb,major,4.4675546,3.8001208
audio/Bn-ord-B1-ff-N-N.wav,F,minor,4.1271815,3.4140894
audio/ASax-ord-D3-ff-N-N.wav,Ab,minor,4.1745644,3.6211708
audio/Fl-ord-C5-mf-N-T17d.wav,F#,minor,4.567861,3.3981755
audio/Vn-ord-F4-ff-4c-T11u.wav,C,minor,3.71875,3.73741
audio/Va-ord-G3-ff-4c-T22u.wav,C#,minor,3.8952088,3.7809153
audio/ASax-ord-A#3-ff-N-N.wav,E,minor,3.8648388,3.3084066
audio/Va-ord-A3-ff-3c-N.wav,Eb,minor,3.5654337,2.9130626
audio/Va-ord-E4-ff-3c-N.wav,Bb,minor,4.120328,3.3898706
audio/Va-ord-C4-mf-4c-N.wav,F#,minor,4.596737,3.4593935
audio/Cb-ord-G3-ff-2c-T22u.wav,Ab,major,4.624447,3.8359666
audio/Va-ord-B5-ff-1c-T18u.wav,Eb,minor,3.7716913,4.0618796
audio/Vn-ord-G#4-mf-4c-N.wav,F,major,4.7328873,3.5492108
audio/Vc-ord-C#3-mf-4c-N.wav,D,major,4.423616,3.1658826
audio/Va-ord-A#3-mf-4c-N.wav,E,minor,4.5345187,3.1400478
audio/ClBb-ord-F#6-mf-N-T10u.wav,A,minor,4.645068,3.7009618
audio/Tbn-ord-B1-mf-N-T14d.wav,F,minor,3.965376,3.045553
audio/Ob-ord-G#5-ff-N-N.wav,D,minor,3.6498508,3.4447682
audio/Vn-ord-E6-mf-2c-N.wav,Eb,minor,4.6500015,3.6044345
audio/Vc-ord-A3-ff-4c-N.wav,C,minor,3.4132605,3.143219
audio/Hn-ord-F3-mf-N-N.wav,B,minor,4.599346,3.039033
audio/Cb-ord-D2-ff-4c-T24u.wav,Ab,major,4.3567905,3.8711462
audio/Cb-ord-C4-mf-2c-T13u.wav,G,minor,4.5188932,3.772956
audio/ASax-ord-G4-mf-N-N.wav,C#,minor,4.303542,3.3236256
audio/Cb-ord-A#2-mf-3c-N.wav,C,major,4.7677717,3.7459612
audio/TpC-ord-G#4-mf-N-N.wav,Bb,minor,4.835848,3.573929
audio/Ob-ord-G#6-ff-N-N.wav,Bb,minor,4.323485,3.694515
audio/ClBb-ord-C5-ff-N-N.wav,F#,minor,4.015295,3.3254898
audio/Fl-ord-A#6-mf-N-T11d.wav,G,minor,4.4096413,3.9783607
audio/Fl-ord-C6-mf-N-T25d.wav,F#,minor,4.5188518,3.5237129
audio/Vn-ord-E5-ff-2c-N.wav,C#,major,3.9992795,3.941907
audio/Vc-ord-A#4-ff-2c-N.wav,C,major,4.430882,4.0517845
audio/Vn-ord-C#7-ff-1c-T26d.wav,C,minor,3.9537537,4.239895
audio/ClBb-ord-A#3-mf-N-N.wav,E,minor,4.8254757,3.4426568
audio/Bn-ord-C#2-ff-N-N.wav,G,minor,3.849026,3.398758
audio/Ob-ord-G5-mf-N-N.wav,D,minor,3.7937415,3.3563077
audio/Ob-ord-E4-mf-N-N.wav,Bb,major,4.1126804,3.2632425
audio/Va-ord-G#5-ff-2c-N.wav,Eb,major,3.9740665,3.76898
audio/Cb-ord-C#3-ff-4c-N.wav,C,minor,4.6913347,4.1765943
audio/Bn-ord-A#1-mf-N-N.wav,E,major,4.044482,2.7398438
audio/ClBb-ord-D4-ff-N-T19u.wav,Ab,minor,4.1006794,3.279704
audio/Cb-ord-D#3-ff-3c-N.wav,A,minor,4.012704,3.8293421
audio/Va-ord-G4-mf-2c-N.wav,C#,minor,4.6842527,3.6947708
audio/Va-ord-F4-ff-2c-T10u.wav,C,minor,4.080786,3.620019
audio/Va-ord-A4-ff-4c-N.wav,Eb,major,3.75879,3.329782
audio/ClBb-ord-G6-ff-N-N.wav,A,minor,4.3411155,3.5273197
audio/Cb-ord-G#2-mf-2c-N.wav,D,minor,4.488505,3.760196
audio/Fl-ord-D4-ff-N-N.wav,Ab,minor,4.2375655,3.1368403
audio/Hn-ord-C2-mf-N-N.wav,F#,minor,4.220001,3.0675366
audio/Cb-ord-B4-mf-1c-N.wav,C#,minor,4.3808794,3.8086686
audio/Tbn-ord-C#2-mf-N-T33d.wav,G,minor,3.77762,3.4375558
audio/ClBb-ord-F6-mf-N-N.wav,A,minor,4.495643,3.6323855
audio/Vn-ord-C#5-ff-3c-T13u.wav,Ab,major,3.4673595,3.5500612
audio/Vn-ord-C5-ff-3c-N.wav,C#,minor,3.8716447,3.5533068
audio/Cb-ord-C#4-ff-2c-T13u.wav,C,minor,4.3382297,3.8294804
audio/Cb-ord-E3-mf-1c-N.wav,G,minor,4.9100957,4.048998
audio/Vn-ord-C#5-ff-4c-T10u.wav,E,minor,3.8251638,3.5747852
audio/Cb-ord-C5-mf-1c-N.wav,Ab,minor,4.349588,3.656199
audio/Bn-ord-A#3-mf-N-N.wav,E,minor,4.484972,3.1297474
audio/TpC-ord-F#5-mf-N-T10d.wav,C,minor,4.3582764,3.5163014
audio/Cb-ord-F#2-mf-2c-N.wav,C,minor,4.7503977,3.7842531
audio/Bn-ord-A4-mf-N-T14u_R100d.wav,Eb,minor,4.592252,3.2212188
audio/ClBb-ord-G6-mf-N-N.wav,A,minor,4.6503625,3.584219
audio/Cb-ord-D#2-ff-2c-N.wav,A,minor,4.198566,3.8602562
audio/Ob-ord-G5-ff-N-N.wav,F#,minor,3.7900963,3.4129143
audio/Vn-ord-A#3-mf-4c-N.wav,C#,minor,4.68584,3.7476952
audio/BTb-ord-C#3-mf-N-T25u.wav,G,minor,4.7169867,3.4185543
audio/Cb-ord-F2-mf-4c-N.wav,B,minor,4.5694885,3.7466092
audio/TpC-ord-A3-mf-N-N.wav,Eb,minor,4.673572,3.4275017
audio/ClBb-ord-F3-mf-N-N.wav,B,minor,4.687487,3.466854
audio/Cb-ord-F#3-ff-3c-T10u.wav,C,minor,4.8247495,3.7241306
audio/TpC-ord-A#3-mf-N-N.wav,E,minor,4.6169133,3.404419
audio/Fl-ord-C7-ff-N-N.wav,A,minor,3.2364314,3.6008859
audio/Fl-ord-F6-mf-N-N.wav,Eb,minor,4.740424,3.542139
audio/TpC-ord-A#5-mf-N-N.wav,E,minor,4.521342,3.7130759
audio/ASax-ord-G#5-ff-N-N.wav,D,minor,3.8869562,3.07328
audio/Va-ord-C#5-ff-2c-N.wav,Eb,major,4.1603923,3.7683542
audio/Vn-ord-B5-mf-1c-N.wav,G,minor,4.3645988,3.6263978
audio/ClBb-ord-C4-ff-N-T33u.wav,F#,major,3.820632,3.2650287
audio/TpC-ord-G3-mf-N-T12u.wav,C#,minor,4.755794,3.5303125
audio/Ob-ord-C4-mf-N-N.wav,D,major,4.1018567,3.2661717
audio/Vc-ord-C#4-ff-2c-N.wav,C,minor,3.6092746,3.6283638
audio/Vc-ord-A4-ff-2c-N.wav,C,minor,3.8579018,3.7069836
audio/Ob-ord-F#5-mf-N-N.wav,Ab,major,3.9887612,3.5150425
audio/Hn-ord-B2-mf-N-N.wav,F,minor,4.3498683,2.8801448
audio/Fl-ord-B4-ff-N-T10d.wav,F,minor,3.9880817,3.300372
audio/BTb-ord-A1-mf-N-T33u.wav,Eb,minor,4.1400375,3.1718454
audio/Vn-ord-F#5-mf-3c-N.wav,G,major,4.6969514,3.856381
audio/TpC-ord-G4-ff-N-N.wav,C#,minor,4.1036916,3.8019936
audio/Vn-ord-E6-ff-2c-N.wav,C,minor,4.1115766,4.1332083
audio/Bn-ord-F#4-mf-N-N.wav,F,minor,4.342019,3.5357711
audio/Cb-ord-A2-ff-3c-N.wav,Eb,major,4.879738,3.8868017
audio/Bn-ord-C3-ff-N-T12d.wav,F#,major,4.4922543,3.2536516
audio/Cb-ord-D#2-ff-3c-N.wav,F,major,4.2642765,3.8930736
audio/Vn-ord-A4-ff-2c-N.wav,C,major,4.7610292,4.014649
audio/Fl-ord-F#5-mf-N-N.wav,C,minor,4.7391286,3.5943146
audio/Fl-ord-D5-mf-N-T11d.wav,Ab,minor,4.3725524,3.4830186
audio/Vn-ord-A6-mf-1c-T11d.wav,Eb,minor,4.926822,3.957669
audio/Vc-ord-E3-ff-2c-N.wav,F,major,4.4238997,3.9467936
audio/Va-ord-C#4-mf-3c-N.wav,G,minor,4.470276,3.4116545
audio/ASax-ord-F#4-ff-N-N.wav,C,minor,4.203518,3.3045807
audio/Vc-ord-D4-ff-3c-N.wav,Ab,minor,3.9000077,4.1300654
audio/Vc-ord-G#3-mf-3c-N.wav,B,minor,3.8158615,3.0829186
audio/ClBb-ord-F5-ff-N-N.wav,B,minor,4.0676556,3.2873976
audio/Cb-ord-D#2-mf-4c-T12u.wav,A,minor,4.5441775,3.6386714
audio/Cb-ord-B1-ff-4c-N.wav,F,minor,4.3166738,3.878412
audio/TpC-ord-D#5-ff-N-N.wav,F,minor,3.9556198,3.5066023
audio/Va-ord-G#3-mf-4c-T23u.wav,D,minor,4.707325,3.3146412
audio/Bn-ord-G2-ff-N-N.wav,C#,minor,4.317797,3.3389907
audio/Cb-ord-F#2-ff-3c-N.wav,C,minor,4.7225647,3.8733
audio/Va-ord-C4-ff-3c-N.wav,F#,minor,4.2103863,3.6133847
audio/Hn-ord-E4-ff-N-N.wav,Bb,minor,4.187061,3.548398
audio/Va-ord-C6-mf-2c-N.wav,Eb,minor,4.609674,3.82582
audio/ClBb-ord-D#6-ff-N-N.wav,A,minor,3.6823282,3.3070714
audio/TpC-ord-B3-ff-N-R100d.wav,C,major,4.242477,3.9411652
audio/Vn-ord-E5-mf-2c-N.wav,F#,major,4.6159844,3.6942635
audio/Vc-ord-G#4-ff-2c-N.wav,C#,minor,3.769969,4.3129616
audio/Va-ord-G#6-ff-1c-N.wav,Eb,minor,4.2119083,3.4865067
audio/Vn-ord-A#5-mf-1c-N.wav,F#,minor,4.6308026,3.942938
audio/Tbn-ord-C#3-mf-N-N.wav,G,minor,4.328422,3.29272
audio/Hn-ord-D5-mf-N-N.wav,Ab,minor,4.478945,3.1598947
audio/Cb-ord-D2-ff-3c-N.wav,Ab,major,4.2224507,4.060425
audio/Cb-ord-D4-ff-2c-N.wav,C,minor,4.2185607,3.9209223
audio/Hn-ord-C#5-ff-N-N.wav,G,minor,4.271756,3.0361845
audio/ASax-ord-D#3-mf-N-N.wav,F,major,4.433603,3.0850306
audio/Vc-ord-F3-mf-3c-T11d.wav,G,major,4.5809345,3.060625
audio/Vc-ord-D#4-mf-3c-N.wav,C,major,4.0481534,3.4198563
audio/Va-ord-B3-ff-4c-N.wav,F,minor,4.194142,4.0146375
audio/Fl-ord-D#5-mf-N-N.wav,A,minor,4.191017,3.206951
audio/Cb-ord-A4-ff-1c-N.wav,C,minor,4.579455,4.3309917
audio/Ob-ord-C4-ff-N-N.wav,G,minor,3.5092757,2.8457234
audio/Cb-ord-F#1-mf-4c-N.wav,C,minor,4.1464567,3.5579154
audio/BTb-ord-A2-mf-N-T29u.wav,Eb,minor,3.9785168,2.797658
audio/Va-ord-A4-ff-2c-N.wav,Eb,minor,4.1540565,3.4560761
audio/Vc-ord-E4-ff-3c-T10u.wav,A,minor,4.508599,3.9530804
audio/Vn-ord-A3-ff-4c-N.wav,G,minor,3.6562757,3.3027463
audio/Fl-ord-C#4-ff-N-N.wav,G,minor,4.329575,3.342737
audio/ASax-ord-B4-mf-N-N.wav,F,minor,4.278547,3.3781404
audio/Bn-ord-C5-ff-N-N.wav,G,minor,4.0635567,3.0230653
audio/Cb-ord-G2-mf-3c-N.wav,C#,minor,4.780322,3.6910076
audio/Tbn-ord-F#3-ff-N-N.wav,Ab,major,3.434526,3.592925
audio/Tbn-ord-A#3-ff-N-N.wav,E,minor,3.7818475,3.292014
audio/Fl-ord-A#4-ff-N-N.wav,E,minor,4.101803,3.2520282
audio/Tbn-ord-D4-ff-N-N.wav,Ab,minor,3.8599732,3.4265802
audio/Vc-ord-D4-mf-2c-N.wav,Ab,minor,4.2925487,3.5877175
audio/Vc-ord-F3-ff-4c-T14u.wav,G,major,4.4594135,3.826648
audio/Vc-ord-C3-ff-3c-N.wav,F#,minor,4.376063,3.708011
audio/Vc-ord-C2-mf-4c-N.wav,F#,minor,4.265708,3.2043612
audio/Va-ord-D5-mf-1c-N.wav,Ab,minor,4.286344,3.3778696
audio/Ob-ord-F#4-mf-N-N.wav,A,minor,4.094593,3.3138144
audio/Va-ord-C6-ff-1c-T17u.wav,Eb,minor,3.5324414,3.8967543
audio/Vc-ord-C2-ff-4c-N.wav,F#,minor,4.7378316,4.014226
audio/Hn-ord-A4-ff-N-N.wav,Eb,minor,4.353527,2.9988728
audio/ASax-ord-C#3-mf-N-N.wav,G,minor,4.667953,3.1223555
audio/Bn-ord-G#4-ff-N-N.wav,Bb,major,4.2752047,3.073501
audio/Cb-ord-C2-mf-4c-N.wav,F#,minor,4.385122,3.6076348
audio/Cb-ord-A2-ff-2c-N.wav,Eb,minor,4.9228983,3.9256601
audio/Va-ord-C#5-mf-2c-N.wav,G,minor,4.576233,3.4310071
audio/Tbn-ord-D#4-mf-N-N.wav,A,minor,4.1771183,3.4683928
audio/Vc-ord-F#2-ff-4c-N.wav,C,minor,4.9965706,3.9439373
audio/Vn-ord-G#6-ff-1c-T24d.wav,D,major,4.169088,4.222187
audio/Tbn-ord-F#4-ff-N-T10u.wav,C,minor,4.122575,3.510128
audio/Vn-ord-G#4-mf-3c-N.wav,F,minor,4.7947097,3.5447335
audio/Vc-ord-E3-mf-4c-T11u.wav,Bb,minor,4.2989182,3.2956936
audio/Vc-ord-D#4-ff-3c-N.wav,A,minor,4.226048,3.7466552
audio/Cb-ord-F3-mf-3c-N.wav,B,minor,4.205462,3.1409795
audio/ClBb-ord-G#3-mf-N-N.wav,D,minor,4.4816794,3.3042183
audio/Vn-ord-D#6-ff-2c-N.wav,F#,major,4.093608,4.4653115
audio/TpC-ord-C5-ff-N-N.wav,F#,minor,4.243978,3.5278447
audio/Vn-ord-B4-mf-2c-N.wav,C#,minor,4.795703,3.7278376
audio/Va-ord-D4-ff-4c-N.wav,Ab,minor,4.0566006,3.51623
audio/Va-ord-G#3-ff-3c-N.wav,D,minor,4.283786,3.3669302
audio/TpC-ord-C#4-mf-N-T17u.wav,G,minor,4.72829,3.4578145
audio/Ob-ord-G4-mf-N-R100u.wav,Bb,minor,4.27512,3.3238623
audio/Bn-ord-E2-ff-N-N.wav,Bb,minor,4.4429126,3.2720401
audio/Cb-ord-E3-mf-2c-N.wav,D,major,4.744428,3.9449918
audio/Vn-ord-C#5-mf-2c-N.wav,D,major,4.7369466,3.5068433
audio/Va-ord-G6-mf-1c-N.wav,B,major,4.7735953,3.736745
audio/Vn-ord-D7-mf-1c-T22d.wav,Eb,minor,4.954164,3.9389172
audio/Tbn-ord-C#2-ff-N-T21d.wav,G,minor,3.1800504,3.7088149
audio/Cb-ord-C#3-mf-4c-N.wav,G,minor,4.6902986,3.6034741
audio/Va-ord-C5-mf-4c-T21u.wav,G,minor,4.4095874,3.3243482
audio/Tbn-ord-F2-mf-N-N.wav,B,minor,3.760588,3.5542572
audio/Vn-ord-B5-ff-2c-N.wav,F#,major,3.9272437,4.2181787
audio/Vc-ord-G#4-mf-2c-N.wav,A,major,3.824417,3.2278805
audio/ASax-ord-A#4-ff-N-N.wav,Eb,minor,3.743085,3.122148
audio/Vc-ord-A4-mf-2c-N.wav,C,minor,4.255648,3.2497745
audio/TpC-ord-A#5-ff-N-N.wav,E,minor,4.5049577,3.9545193
audio/Fl-ord-F5-ff-N-T13d.wav,B,minor,3.9519756,3.435095
audio/Va-ord-D#4-mf-2c-N.wav,A,minor,4.7137065,3.7094166
audio/BTb-ord-D4-mf-N-N.wav,Ab,minor,4.1779857,3.7619798
audio/Va-ord-A3-mf-3c-R100d.wav,Eb,minor,4.612368,3.336126
audio/Va-ord-G5-mf-2c-N.wav,Eb,minor,4.6644683,3.7018147
audio/ASax-ord-C#3-ff-N-N.wav,G,minor,4.3519325,3.3732388
audio/ASax-ord-G4-ff-N-N.wav,Bb,major,4.2659526,3.276633
audio/Va-ord-G#4-ff-2c-N.wav,Eb,minor,4.3568397,3.5673296
audio/Va-ord-G5-mf-3c-N.wav,Eb,minor,4.700032,3.7868621
audio/Va-ord-A3-mf-4c-T10u.wav,Eb,minor,3.8659735,2.8367224
audio/BTb-ord-A#2-mf-N-T29u.wav,E,minor,4.0899706,2.9342358
audio/Hn-ord-D#3-ff-N-N.wav,A,minor,4.5778756,3.3391516
audio/Vc-ord-G2-mf-4c-N.wav,C#,minor,4.720904,3.8116496
audio/Vn-ord-G6-mf-2c-T12d.wav,D,major,4.6777835,3.6069832
audio/Vn-ord-A#3-ff-4c-T15u.wav,F,minor,3.704669,3.9914556
audio/Tbn-ord-F#2-mf-N-T28d.wav,C,minor,3.8227363,3.3799703
audio/Va-ord-F3-mf-4c-N.wav,Bb,minor,4.6696334,3.6897326
audio/Va-ord-A#5-ff-2c-N.wav,Eb,major,4.461142,3.9764805
audio/Bn-ord-F#3-mf-N-T16d.wav,C,minor,4.565559,2.9873197
audio/Va-ord-B3-ff-3c-T18u.wav,B,minor,4.367766,3.3685975
audio/Va-ord-D6-ff-2c-N.wav,Eb,minor,4.539986,3.5990677
audio/Cb-ord-C2-ff-4c-N.wav,F#,minor,4.164425,3.8047671
audio/Vc-ord-D5-ff-1c-N.wav,Ab,minor,4.347961,3.6945245
audio/Vn-ord-F#4-mf-4c-N.wav,Ab,minor,4.6460257,3.5318723
audio/Vc-ord-B4-mf-2c-N.wav,C,major,4.260812,3.6062179
audio/Fl-ord-E4-ff-N-N.wav,Bb,minor,4.168934,3.1323478
audio/Cb-ord-C#2-ff-4c-T27u.wav,G,minor,4.273196,3.9904072
audio/Vn-ord-E4-mf-4c-N.wav,Bb,minor,4.538186,3.6134286
audio/Ob-ord-D6-ff-N-R100u.wav,E,minor,3.7379236,3.2885017
audio/Tbn-ord-E4-mf-N-T10u.wav,Bb,minor,4.034432,3.2887654
audio/Hn-ord-E3-ff-N-N.wav,Bb,major,4.60153,3.5414314
audio/Cb-ord-B2-ff-3c-T17u.wav,F,minor,4.7259984,3.7301192
audio/Cb-ord-G2-ff-4c-N.wav,C,minor,4.7406125,3.9041665
audio/TpC-ord-C#5-mf-N-T17u.wav,G,minor,4.617111,3.5273628
audio/Ob-ord-F5-ff-N-T10u.wav,D,minor,3.6901295,3.105962
audio/ASax-ord-D5-mf-N-N.wav,E,major,4.3736973,3.539
audio/Vc-ord-A2-mf-4c-N.wav,Eb,minor,4.5664682,3.6351051
audio/Vn-ord-C6-mf-2c-N.wav,Eb,minor,4.6155562,3.7407064
audio/Cb-ord-A#2-ff-1c-N.wav,Ab,major,4.9446583,4.089247
audio/Bn-ord-A#4-mf-N-T14u.wav,E,minor,4.6175017,3.417919
audio/Fl-ord-G#6-mf-N-T14d.wav,G,minor,4.1478953,3.8354418
audio/Cb-ord-G2-mf-2c-T11d.wav,C#,minor,4.292597,3.3218756
audio/Va-ord-C7-ff-1c-T16u.wav,Eb,minor,3.4935386,3.887729
audio/Ob-ord-C#5-mf-N-N.wav,G,minor,4.10514,3.392933
audio/Va-ord-F#3-mf-4c-T12u.wav,C,minor,4.850892,3.5298424
audio/Bn-ord-A3-mf-N-N.wav,Eb,minor,4.4930496,3.1319501
audio/Ob-ord-E6-ff-N-N.wav,D,major,3.6487436,3.3611915
audio/Vc-ord-G3-ff-4c-N.wav,F#,minor,4.010662,3.4032521
audio/Vc-ord-D#4-mf-1c-N.wav,Ab,minor,4.160571,3.2423592
audio/Fl-ord-G#5-ff-N-T19d.wav,D,minor,3.9792223,3.4653435
audio/Vc-ord-D#3-ff-2c-T16d.wav,A,minor,4.2039437,3.6586037
audio/Vn-ord-D#5-ff-4c-N.wav,F#,minor,4.0598555,3.7754025
audio/Cb-ord-G1-mf-4c-R100u.wav,C#,minor,4.208606,3.417338
audio/Cb-ord-G#2-mf-1c-N.wav,D,minor,4.657723,3.9452686
audio/Vn-ord-F6-mf-1c-N.wav,Eb,minor,4.7343774,3.7573547
audio/Ob-ord-E5-mf-N-T10u.wav,Bb,major,3.8672905,3.137598
audio/TpC-ord-G4-mf-N-T15u.wav,C#,minor,4.689643,3.463689
audio/Vc-ord-D#2-ff-4c-N.wav,A,minor,4.5892787,4.137582
audio/Cb-ord-B3-mf-2c-N.wav,C,minor,4.7607555,3.634276
audio/Tbn-ord-G3-mf-N-T18d.wav,C#,minor,4.433922,3.057702
audio/ClBb-ord-D#5-mf-N-N.wav,A,minor,4.305325,3.4939454
audio/Vc-ord-F3-mf-4c-T17u.wav,B,minor,4.224562,2.916104
audio/Vn-ord-D#5-mf-3c-N.wav,C#,minor,4.7478447,3.8210297
audio/Fl-ord-D#6-mf-N-T12d.wav,A,minor,4.3830147,3.392595
audio/Cb-ord-A#3-ff-2c-N.wav,C,minor,4.393159,3.1596959
audio/Vc-ord-B2-ff-4c-T11u.wav,C,minor,4.462275,3.6839345
audio/Cb-ord-C#3-mf-2c-T17u.wav,G,minor,4.8160725,3.8270442
audio/Vn-ord-F#6-mf-1c-T10d.wav,Eb,minor,4.693767,3.647053
audio/Cb-ord-F#2-ff-2c-N.wav,C,minor,4.791069,4.0888805
audio/Va-ord-G#4-mf-2c-T10d.wav,D,minor,4.8716507,3.8336039
audio/TpC-ord-A#3-ff-N-T23u_R100u.wav,E,minor,3.3985395,3.4243965
audio/Tbn-ord-F#4-mf-N-T10u.wav,C,minor,4.1433334,3.3070283
audio/Vc-ord-G#3-ff-4c-T15u.wav,B,minor,3.9304674,3.8117526
audio/ClBb-ord-D3-ff-N-T31u.wav,F,minor,4.2386956,3.4505186
audio/Vc-ord-B5-ff-1c-N.wav,C,major,3.7039378,4.2628493
audio/Vn-ord-E4-ff-3c-N.wav,Ab,major,4.335247,3.5411532
audio/Vc-ord-F4-mf-3c-T11u.wav,G,major,3.9735615,3.4744008
audio/Va-ord-C#3-mf-4c-T24u.wav,G,minor,4.631012,3.4643724
audio/Hn-ord-G#2-ff-N-N.wav,D,minor,4.13732,3.7039404
audio/Cb-ord-F#2-ff-4c-T31u.wav,C,minor,4.8706603,3.948341
audio/Vc-ord-A3-ff-2c-N.wav,B,major,3.5669289,3.2837615
audio/ClBb-ord-G5-ff-N-T12u.wav,Eb,major,3.666425,3.1725543
audio/Va-ord-F4-mf-4c-N.wav,B,minor,4.065286,3.3459418
audio/Cb-ord-B3-ff-1c-N.wav,C,minor,4.4593344,3.6478443
audio/ClBb-ord-C#6-mf-N-N.wav,G,minor,4.0464787,3.6744034
audio/Cb-ord-C3-ff-3c-N.wav,C#,major,4.6850505,3.7934406
audio/Va-ord-A#5-mf-2c-N.wav,Eb,minor,4.647928,3.62938
audio/Vn-ord-C#6-ff-1c-N.wav,C,minor,3.9663348,4.189723
audio/ClBb-ord-C5-mf-N-N.wav,F#,minor,4.7061105,3.4750624
audio/Vn-ord-D#4-ff-3c-N.wav,C#,major,4.3787932,3.6173167
audio/Cb-ord-B2-mf-4c-N.wav,D,minor,4.761125,3.571385
audio/Va-ord-G3-mf-3c-N.wav,C,major,4.7474976,3.8328843
audio/Hn-ord-F#2-ff-N-N.wav,C,major,4.0179844,3.9945974
audio/Va-ord-D#4-mf-3c-N.wav,A,minor,4.878762,3.8903317
audio/Vc-ord-D#3-ff-3c-T12u.wav,A,minor,3.8783293,3.31298
audio/Vc-ord-F4-ff-3c-T14u.wav,G,major,4.4240546,4.2265162
audio/Vn-ord-D5-ff-3c-N.wav,C#,major,4.0632224,3.7567172
audio/ClBb-ord-D3-mf-N-N.wav,Ab,minor,4.587985,3.359251
audio/Cb-ord-C3-mf-3c-N.wav,C,minor,4.676105,3.6338701
audio/Hn-ord-F5-ff-N-N.wav,B,minor,3.9931602,3.2777996
audio/Va-ord-A4-mf-4c-N.wav,Eb,minor,4.311834,3.169084
audio/Hn-ord-D4-mf-N-N.wav,Ab,minor,4.313771,3.456702
audio/Va-ord-A6-mf-1c-N.wav,B,minor,4.7735095,3.8592544
audio/Vn-ord-E6-ff-1c-N.wav,G,minor,3.5707762,4.1514287
audio/Hn-ord-F4-mf-N-N.wav,B,minor,4.1907563,3.7133658
audio/Fl-ord-F#4-mf-N-N.wav,C,minor,4.731626,3.4347966
audio/Bn-ord-B4-ff-N-N.wav,F,minor,4.113186,3.025984
audio/Vc-ord-D3-ff-3c-N.wav,C,minor,4.5089746,3.7197058
audio/Hn-ord-C2-ff-N-N.wav,F#,minor,3.9912937,3.1221611
audio/Tbn-ord-B4-ff-N-N.wav,F,minor,4.0542006,2.9704893
audio/Hn-ord-E5-mf-N-T13u.wav,Bb,minor,4.4740086,3.3170073
audio/TpC-ord-C5-mf-N-N.wav,F#,minor,4.4331822,3.443124
audio/Va-ord-D6-mf-2c-N.wav,Eb,minor,4.7237463,3.693351
audio/Tbn-ord-A#4-ff-N-N.wav,E,minor,4.1760335,3.366768
audio/Va-ord-D3-mf-4c-N.wav,C,major,4.7507224,3.6982954
audio/Tbn-ord-C4-mf-N-N.wav,F#,minor,4.2604012,3.2956114
audio/Cb-ord-B2-ff-1c-N.wav,F,minor,4.8201704,4.0519667
audio/Vc-ord-F#5-mf-1c-T12u.wav,A,minor,3.7263374,3.561025
audio/TpC-ord-D5-mf-N-T14u.wav,Ab,minor,4.5672665,3.5039108
audio/Va-ord-A#4-ff-1c-T12u.wav,Eb,minor,4.1888413,3.0509238
audio/Cb-ord-C2-ff-3c-N.wav,F#,minor,4.10216,3.83993
audio/Bn-ord-B4-mf-N-N.wav,C#,minor,4.352251,3.2283342
audio/Cb-ord-A#3-mf-2c-N.wav,G,minor,4.517414,3.2700045
audio/Vn-ord-G5-ff-2c-N.wav,C,minor,4.2287216,3.8296921
audio/Vc-ord-F#4-mf-1c-N.wav,Ab,major,4.4438643,3.3888767
audio/Cb-ord-D3-mf-3c-N.wav,Ab,major,4.6910267,4.0312004
audio/Vc-ord-G#2-ff-3c-T10d.wav,F,major,4.6228566,3.705297
audio/Va-ord-B3-mf-4c-N.wav,F,minor,4.6371613,3.2300446
audio/Vc-ord-A#3-ff-4c-N.wav,B,minor,4.1697083,3.6852298
audio/Bn-ord-D5-ff-N-N.wav,C,minor,3.528737,2.7803926
audio/Ob-ord-G#4-mf-N-N.wav,D,minor,4.3256707,3.6084788
audio/ASax-ord-C#4-ff-N-N.wav,C,minor,3.9705467,3.42729
audio/Tbn-ord-C3-ff-N-T25d.wav,F#,minor,1.1721029,2.765281
audio/Vc-ord-F2-mf-4c-T17u.wav,B,minor,4.468766,3.3605125
audio/Vn-ord-D#4-ff-4c-T10u.wav,G,major,3.8484023,3.5410464
audio/Ob-ord-C#4-ff-N-N.wav,F#,minor,3.7061212,2.9975033
audio/Vc-ord-A3-mf-3c-T16d.wav,B,major,4.2805386,3.581501
audio/Tbn-ord-F4-ff-N-N.wav,B,minor,3.8919563,3.2075415
audio/Vc-ord-A#4-mf-1c-N.wav,C,minor,4.2881837,3.212906
audio/Vc-ord-C#2-mf-4c-N.wav,G,minor,4.2395735,3.2742705
audio/Vn-ord-F5-ff-3c-T15u.wav,D,major,3.3479297,3.891862
audio/Fl-ord-B4-mf-N-N.wav,F,minor,4.722112,3.5614634
audio/Cb-ord-A3-ff-1c-N.wav,Ab,major,4.406943,3.4210887
audio/Va-ord-A5-ff-1c-N.wav,Bb,major,3.5966282,3.4829934
audio/Va-ord-F5-ff-3c-N.wav,Bb,major,4.3438573,3.7978597
audio/Va-ord-A4-mf-3c-N.wav,Eb,minor,4.4087825,3.1653328
audio/Tbn-ord-G4-ff-N-N.wav,C#,minor,4.5219173,3.6557045
audio/Fl-ord-C5-ff-N-T19d.wav,F#,minor,3.7708175,3.1620827
audio/ClBb-ord-A4-ff-N-N.wav,Eb,minor,4.00849,3.1212876
audio/Vn-ord-F5-ff-2c-N.wav,F#,minor,4.5190806,3.9462748
audio/Cb-ord-G3-mf-3c-N.wav,G,minor,4.5758877,3.865453
audio/Cb-ord-E3-ff-3c-T17d.wav,G,minor,4.5250087,3.7120197
audio/Va-ord-F4-ff-3c-N.wav,B,minor,4.070478,3.7191696
audio/Cb-ord-C4-mf-1c-N.wav,Eb,minor,4.7468944,3.8191853
audio/ASax-ord-F5-ff-N-N.wav,B,minor,3.640606,3.3413217
audio/Vn-ord-D4-mf-4c-N.wav,D,minor,4.3582244,3.447443
audio/Vn-ord-D#7-mf-1c-T22d_R100u.wav,E,minor,4.916279,4.015529
audio/ClBb-ord-G#4-mf-N-N.wav,Bb,major,4.6789126,3.361635
audio/Bn-ord-G4-ff-N-N.wav,F,minor,4.2080364,3.5882196
audio/Fl-ord-B5-ff-N-T20d.wav,C,major,3.9022496,3.5301178
audio/Vc-ord-C6-ff-1c-N.wav,C,major,4.3366795,4.4044385
audio/Vc-ord-C#3-ff-4c-N.wav,D,major,3.5433934,3.046161
audio/Va-ord-C#6-ff-1c-T10u.wav,Eb,minor,3.946821,3.5983484
audio/Vn-ord-D5-ff-4c-N.wav,G,minor,4.025105,3.676123
audio/Ob-ord-F#4-ff-N-T11d.wav,A,minor,3.8187222,3.302954
audio/Fl-ord-E5-mf-N-N.wav,Bb,minor,4.3465323,3.5116646
audio/Hn-ord-G2-ff-N-R100u.wav,C#,minor,4.0627823,4.0558815
audio/Vc-ord-F#2-mf-4c-N.wav,C,minor,4.768028,3.9044752
audio/Vn-ord-G#6-mf-2c-T21d.wav,Eb,minor,4.87218,3.8375463
audio/Vn-ord-B4-mf-4c-N.wav,F#,minor,4.366274,3.4518995
audio/Va-ord-G#3-ff-4c-T24u.wav,D,minor,4.0607715,3.3866203
audio/Tbn-ord-F3-mf-N-N.wav,B,minor,4.4336605,3.1241632
audio/Cb-ord-G#2-ff-3c-T30u.wav,F,major,4.0730944,3.7830896
audio/Fl-ord-C4-ff-N-N.wav,F#,minor,4.384768,3.220872
audio/Va-ord-C#4-ff-4c-T10u.wav,C,minor,3.9870493,3.6676805
audio/TpC-ord-G#5-mf-N-N.wav,D,minor,4.5073543,3.7824461
audio/ASax-ord-C5-mf-N-N.wav,D,major,4.44342,3.5314384
audio/Cb-ord-G#2-ff-2c-N.wav,D,minor,4.400173,3.9208655
audio/Bn-ord-A2-ff-N-T11d.wav,B,major,4.438345,3.471898
audio/ClBb-ord-B5-mf-N-N.wav,F,minor,4.4265766,3.6752195
audio/Cb-ord-A#1-mf-4c-N.wav,E,minor,4.169155,3.4907858
audio/Tbn-ord-F#3-mf-N-N.wav,C,minor,4.4796767,2.980115
audio/Cb-ord-G#2-ff-4c-T28u.wav,Bb,major,4.3023586,3.5481029
audio/Bn-ord-A2-mf-N-N.wav,Eb,minor,4.435772,3.299318
audio/Fl-ord-D4-mf-N-N.wav,Ab,minor,4.6159267,3.4548728
audio/Vc-ord-D#5-mf-1c-N.wav,C,major,3.927967,3.2387161
audio/Vc-ord-A4-mf-1c-N.wav,C,minor,4.4638586,3.2978916
audio/Vn-ord-E7-ff-1c-N.wav,G,minor,4.222943,4.1569653
audio/Vc-ord-G4-mf-1c-N.wav,C#,major,4.499573,3.548923
audio/ClBb-ord-F5-mf-N-N.wav,G,major,4.315314,3.3471582
audio/Vn-ord-D#6-mf-1c-N.wav,C,minor,4.4675937,3.927343
audio/Va-ord-F3-ff-4c-T23u_R100u.wav,B,minor,4.245796,2.99955
audio/Cb-ord-G3-ff-1c-N.wav,Ab,major,4.2372446,3.668923
audio/Cb-ord-F#2-mf-4c-T10u.wav,C,minor,4.5089912,3.7149544
audio/Tbn-ord-G#3-ff-N-T10u.wav,D,minor,3.6681113,3.547123
audio/ClBb-ord-C#4-mf-N-N.wav,G,minor,4.6836443,3.3680058
audio/Bn-ord-D4-mf-N-N.wav,Ab,minor,4.2535605,3.2416286
audio/ClBb-ord-D#6-mf-N-N.wav,F,major,4.401887,3.466622
audio/Vn-ord-C5-mf-4c-N.wav,D,major,3.9465656,3.3334553
audio/TpC-ord-D6-mf-N-N.wav,Ab,minor,4.210889,3.7090716
audio/Va-ord-G#4-mf-4c-T11u.wav,Eb,minor,4.6064544,3.3100808
audio/Cb-ord-C3-mf-2c-T12u.wav,C#,major,4.5298233,3.7659583
audio/Cb-ord-G1-ff-4c-T12u.wav,C#,minor,4.2858524,4.124949
audio/Vc-ord-B3-mf-3c-N.wav,C,major,4.6201053,3.2732627
audio/Bn-ord-F#4-ff-N-N.wav,C,minor,4.1700716,3.2954078
audio/Vc-ord-D3-ff-2c-N.wav,Ab,minor,4.6739383,3.9594917
audio/Hn-ord-G#2-mf-N-N.wav,D,minor,4.220524,2.7356808
audio/Fl-ord-A#5-mf-N-T18d.wav,E,minor,4.4808393,3.4502661
audio/Va-ord-B3-mf-3c-T16u.wav,F,minor,4.7237515,3.4301977
audio/Va-ord-C5-ff-3c-N.wav,D,minor,4.1568713,3.7039268
audio/Vn-ord-A#5-ff-3c-R100u.wav,G,major,3.5986378,4.400745
audio/Vn-ord-C#7-mf-1c-T22d.wav,Eb,minor,4.5546174,3.6548486
audio/Hn-ord-A#2-ff-N-N.wav,E,minor,4.2881923,3.804992
audio/Vc-ord-A#2-mf-3c-T13u.wav,E,minor,4.410008,3.5920515
audio/Vc-ord-E5-ff-1c-N.wav,A,major,3.7884262,4.1524816
audio/Tbn-ord-D3-ff-N-N.wav,Ab,minor,2.7991552,3.4982147
audio/Fl-ord-A#5-ff-N-T21d.wav,E,minor,4.1789384,3.1876414
audio/Vc-ord-B2-mf-3c-N.wav,F,minor,4.386408,3.4028487
audio/Vc-ord-D3-mf-2c-N.wav,Ab,minor,4.875041,3.8708336
audio/Va-ord-E4-mf-2c-N.wav,Bb,minor,4.3805637,3.4178016
audio/Vn-ord-G5-mf-3c-N.wav,F#,major,4.6813436,3.715087
audio/Va-ord-C#5-mf-1c-N.wav,Eb,major,4.8188653,3.7616477
audio/Va-ord-E5-ff-1c-T13u.wav,E,minor,3.9672868,3.619278
audio/Vc-ord-C3-ff-4c-N.wav,F#,minor,4.19387,3.1085443
audio/Fl-ord-G#5-mf-N-N.wav,D,minor,4.684502,3.5694504
audio/Vc-ord-A#5-mf-1c-N.wav,C,major,4.3608246,3.701133
audio/Vc-ord-D4-mf-1c-N.wav,Ab,major,4.6012387,3.764874
audio/Va-ord-G3-ff-3c-N.wav,A,minor,4.7055855,3.8412833
audio/ASax-ord-C4-mf-N-N.wav,F#,minor,4.7935743,3.601312
audio/Va-ord-D5-ff-1c-N.wav,Eb,major,4.0540686,3.592616
audio/ClBb-ord-G4-mf-N-N.wav,A,major,4.6229095,3.48854
audio/Cb-ord-D4-mf-2c-N.wav,Ab,minor,4.402436,3.551199
audio/Va-ord-C6-mf-1c-T12u.wav,Eb,minor,4.027214,3.4805253
audio/Vn-ord-E5-ff-1c-N.wav,G,minor,4.085249,3.8220215
audio/Vn-ord-F5-mf-2c-N.wav,F#,major,5.0175114,4.0149755
audio/Ob-ord-F#6-ff-N-T12u.wav,C#,minor,4.5435414,3.7293808
audio/Bn-ord-D#5-ff-N-T14d.wav,C,major,3.7979696,3.1666646
audio/Vc-ord-A#2-mf-4c-N.wav,E,minor,4.416436,3.5808425
audio/Va-ord-G4-ff-4c-N.wav,G,minor,3.867756,3.6390698
audio/Vn-ord-D7-ff-1c-T23d.wav,C#,major,4.4124093,4.2653947
audio/Vn-ord-F5-mf-1c-N.wav,B,major,4.7776537,3.840188
audio/BTb-ord-F#3-mf-N-N.wav,C,minor,4.827259,3.2653203
audio/ClBb-ord-D#4-ff-N-T20u.wav,A,minor,4.2088675,3.0796683
audio/Bn-ord-E4-ff-N-N.wav,Bb,minor,3.9476845,3.084626
audio/Va-ord-E4-ff-4c-N.wav,G,minor,4.023407,3.576935
audio/Tbn-ord-D#3-ff-N-N.wav,A,minor,4.2356462,3.4702377
audio/ClBb-ord-B4-ff-N-T21u.wav,F,minor,3.9303539,3.2506936
audio/TpC-ord-G#4-ff-N-N.wav,Bb,major,3.9965556,3.6662803
audio/Va-ord-D6-mf-1c-T15u.wav,Eb,minor,4.4548726,3.2169006
audio/ASax-ord-A4-ff-N-N.wav,Eb,minor,4.025544,3.0015118
audio/Va-ord-F#5-ff-1c-N.wav,Bb,major,3.4578686,3.4483488
audio/Vn-ord-G6-ff-2c-T12d.wav,G,minor,4.127931,3.826709
audio/ASax-ord-G3-mf-N-N.wav,C#,minor,4.593546,3.257153
audio/Va-ord-C#4-mf-4c-N.wav,G,minor,4.539502,3.3968441
audio/Va-ord-C#5-mf-3c-N.wav,Eb,major,4.793751,3.6663196
audio/Vc-ord-G3-ff-2c-N.wav,C#,minor,4.0152206,3.819083
audio/Cb-ord-D2-ff-2c-N.wav,Ab,minor,4.508837,3.849158
audio/Va-ord-G#3-mf-3c-N.wav,D,minor,4.589289,3.3924356
audio/BTb-ord-F#1-mf-N-T18u.wav,C,minor,3.923254,3.465045
audio/Fl-ord-A5-ff-N-T22d.wav,Eb,minor,3.9333706,3.1985853
audio/Vn-ord-C5-mf-3c-N.wav,G,minor,4.5730076,3.632321
audio/Vn-ord-D#5-mf-2c-N.wav,F,minor,4.9141746,3.8931174
audio/Bn-ord-B3-mf-N-N.wav,F,minor,4.627004,3.163972
audio/Fl-ord-D7-ff-N-N.wav,Eb,minor,3.2395887,3.9642084
audio/Hn-ord-G3-mf-N-N.wav,C#,minor,4.5597143,3.25008
audio/Tbn-ord-A2-mf-N-N.wav,Eb,minor,4.163853,3.3459435
audio/Vn-ord-A4-ff-4c-N.wav,C#,major,4.0560207,3.537181
audio/Cb-ord-F3-ff-3c-N.wav,G,major,4.223321,3.1518207
audio/Fl-ord-C7-mf-N-N.wav,Ab,minor,3.3768523,3.6719115
audio/Va-ord-A5-ff-2c-N.wav,Eb,minor,4.4339824,3.5767982
audio/Vc-ord-F4-mf-2c-N.wav,G,major,4.152416,3.0946949
audio/ASax-ord-G#4-ff-N-N.wav,D,minor,4.1776547,2.9429767
audio/Va-ord-D4-mf-3c-N.wav,Ab,minor,4.3981094,3.3381279
audio/Va-ord-D#3-mf-4c-T22u.wav,A,minor,4.544525,3.555205
audio/Vn-ord-A#5-ff-1c-T13u.wav,G,major,3.533441,4.0437274
audio/Vn-ord-B4-mf-3c-N.wav,D,major,4.623548,3.6477382
audio/Va-ord-D#6-mf-1c-T13u.wav,Bb,major,4.4813013,3.2710412
audio/Cb-ord-C#4-mf-1c-T29u.wav,G,major,4.3112845,3.671441
audio/Cb-ord-E2-ff-2c-N.wav,F,major,4.6388764,3.9240687
audio/Vn-ord-B5-mf-3c-N.wav,D,major,4.7217484,3.8123076
audio/Vn-ord-F#4-ff-4c-N.wav,C,major,3.908177,3.5985548
audio/ASax-ord-G5-mf-N-N.wav,C#,minor,3.7268918,3.3283439
audio/Hn-ord-D2-mf-N-N.wav,Ab,minor,4.171779,2.6708949
audio/Vc-ord-D4-mf-3c-N.wav,E,major,4.3041234,3.4299622
audio/Vc-ord-C#4-mf-1c-N.wav,Ab,minor,4.442225,3.3854115
audio/Tbn-ord-F#2-ff-N-T24d.wav,C,minor,2.0881557,3.086021
audio/Bn-ord-G#2-mf-N-R100d.wav,D,minor,4.0800643,3.1046886
audio/Cb-ord-F#3-mf-1c-N.wav,D,major,4.5220237,3.3878922
audio/Va-ord-E3-ff-4c-T23u.wav,Bb,minor,4.5894694,3.5508769
audio/Tbn-ord-B1-ff-N-T27d.wav,F,minor,1.3685517,3.2495654
audio/ClBb-ord-C4-mf-N-N.wav,F#,minor,4.806331,3.454415
audio/Va-ord-F4-ff-4c-N.wav,B,minor,4.0030622,3.6527448
audio/Va-ord-E5-mf-1c-T16u.wav,Bb,minor,4.522283,3.3973708
audio/Va-ord-F5-ff-2c-T11u.wav,Eb,major,3.5174897,4.094677
audio/Tbn-ord-G2-mf-N-N.wav,C#,minor,3.7320678,3.3732433
audio/Ob-ord-A5-ff-N-T19u.wav,D,minor,3.9357746,3.4491055
audio/Vc-ord-F3-mf-2c-N.wav,B,minor,4.665545,3.3280752
audio/Ob-ord-G#5-mf-N-N.wav,Bb,minor,4.098315,3.6348035
audio/Cb-ord-C2-mf-3c-N.wav,F#,minor,4.3021803,3.6476524
audio/Cb-ord-B1-mf-4c-N.wav,F,minor,4.434008,3.5399225
audio/Hn-ord-F3-ff-N-N.wav,B,minor,4.4906993,3.1992483
audio/TpC-ord-B4-mf-N-N.wav,F,minor,4.6678486,3.4448307
audio/Tbn-ord-G3-ff-N-N.wav,C#,minor,3.3111405,3.78804
audio/Cb-ord-A2-ff-4c-T17u.wav,C,minor,4.2896037,3.4722314
audio/ASax-ord-F5-mf-N-N.wav,C,minor,4.016142,3.580204
audio/Vc-ord-B2-ff-3c-N.wav,F,major,4.57293,3.6729877
audio/Va-ord-A#4-ff-4c-N.wav,Eb,major,3.762278,3.701435
audio/Ob-ord-F6-mf-N-N.wav,C#,minor,4.291819,3.6465223
audio/Vc-ord-F4-ff-1c-N.wav,C,minor,3.9153283,4.147283
audio/TpC-ord-D4-ff-N-T27u.wav,Ab,minor,4.3872075,3.819583
audio/Cb-ord-E2-mf-2c-N.wav,Bb,minor,4.659085,3.8144057
audio/Vc-ord-C#4-ff-1c-N.wav,Ab,minor,4.0376334,3.501716
audio/ASax-ord-B3-ff-N-N.wav,F,minor,4.0140266,3.5015056
audio/Va-ord-G3-mf-4c-T21u.wav,C#,minor,4.697912,3.6648545
audio/Va-ord-D4-ff-3c-N.wav,Ab,minor,4.1588354,3.7050633
audio/Vn-ord-A#4-mf-3c-N.wav,D,major,4.830341,3.7582588
audio/Vn-ord-D#6-mf-2c-N.wav,Eb,minor,4.8741794,3.9374356
audio/Fl-ord-D#5-ff-N-N.wav,A,minor,3.666137,2.9451244
audio/TpC-ord-G5-ff-N-N.wav,C#,minor,4.418554,3.8591042
audio/TpC-ord-F5-mf-N-T11d.wav,B,minor,4.375451,3.4729588
audio/Vn-ord-D4-ff-4c-N.wav,C#,major,3.849175,3.6654325
audio/Va-ord-C4-ff-4c-N.wav,F#,minor,4.1121745,3.636895
audio/Va-ord-B5-mf-2c-N.wav,Eb,minor,4.7742376,3.7564466
audio/Va-ord-A#5-ff-1c-T15u.wav,Eb,minor,3.1301973,3.9801462
audio/Va-ord-G#4-mf-3c-N.wav,Bb,major,4.5177383,3.5300732
audio/Vc-ord-A3-mf-2c-N.wav,C,minor,4.2153144,3.21667
audio/Va-ord-A#3-mf-3c-N.wav,Eb,major,4.5489626,3.211948
audio/Tbn-ord-G#2-mf-N-N.wav,F#,major,3.8605914,3.3468833
audio/Vn-ord-G4-mf-4c-N.wav,C#,minor,4.5900736,3.3679967
audio/Hn-ord-C#4-ff-N-N.wav,G,minor,3.8932984,3.5592663
audio/ASax-ord-G#3-ff-N-N.wav,D,minor,4.263732,3.4261618
audio/Fl-ord-A4-ff-N-N.wav,Eb,minor,4.0062923,3.142909
audio/Tbn-ord-A#2-mf-N-N.wav,E,minor,4.0069647,3.5883784
audio/Cb-ord-F2-mf-2c-N.wav,B,minor,4.428546,3.5327435
audio/ASax-ord-C4-ff-N-N.wav,F#,minor,3.6177413,3.418029
audio/Hn-ord-A#2-mf-N-N.wav,E,minor,3.9407294,2.5894613
audio/Cb-ord-G#3-ff-1c-T11u.wav,G,minor,4.5511513,3.8307252
audio/BTb-ord-E2-mf-N-T27u.wav,Bb,minor,4.097095,2.9157014
audio/BTb-ord-C3-mf-N-T28u.wav,F#,minor,4.4163938,3.1937385
audio/Bn-ord-F3-mf-N-N.wav,B,minor,4.6983404,3.1928601
audio/ASax-ord-A#4-mf-N-N.wav,E,minor,3.9453993,3.1701388
audio/ClBb-ord-E4-ff-N-T30u.wav,Bb,minor,3.9674377,3.1162183
audio/Cb-ord-B2-mf-2c-N.wav,F,minor,4.7457013,3.8153055
audio/Vn-ord-C#4-ff-4c-N.wav,C,minor,3.4959307,3.7485418
audio/Cb-ord-B2-mf-3c-T10u.wav,F,minor,4.5129094,3.5265152
audio/Vn-ord-D4-mf-3c-N.wav,C#,minor,4.7142687,3.6567304
audio/Hn-ord-C#5-mf-N-N.wav,G,minor,4.3516865,3.0307791
audio/Vc-ord-A3-mf-4c-N.wav,B,minor,4.55414,3.4547632
audio/Vc-ord-B4-ff-2c-N.wav,C,major,4.0304346,4.2279935
audio/ClBb-ord-B4-mf-N-T12u.wav,C#,major,4.645407,3.586274
audio/TpC-ord-D#4-mf-N-T16u.wav,A,minor,4.7100525,3.5675168
audio/Cb-ord-D#2-mf-3c-N.wav,A,minor,4.597875,3.8152342
audio/Va-ord-C7-mf-1c-T10u.wav,G,major,4.496802,3.8619845
audio/Tbn-ord-G#2-ff-N-T15u.wav,D,minor,2.1353552,3.2237422
audio/Bn-ord-G2-mf-N-T10d.wav,C#,minor,4.2553463,3.184072
audio/Vn-ord-C5-ff-4c-N.wav,C#,major,3.8228443,3.7063942
audio/Vc-ord-G5-mf-1c-N.wav,A,minor,4.1782794,3.4586375
audio/Cb-ord-G#1-mf-4c-N.wav,D,minor,4.285368,3.743207
audio/Vc-ord-C#5-mf-1c-N.wav,C,major,3.9387732,3.5177956
audio/Vn-ord-B4-ff-2c-T10u.wav,C,minor,4.502369,3.5733275
audio/Cb-ord-B2-ff-2c-N.wav,F,major,4.4497585,3.724337
audio/Bn-ord-E4-mf-N-N.wav,F#,major,4.179154,3.3605616
audio/Cb-ord-C#3-ff-1c-N.wav,C,major,4.598873,4.150487
audio/Vn-ord-G5-mf-1c-N.wav,Ab,major,4.5093493,3.439207
audio/Vn-ord-D6-mf-1c-T12d.wav,G,minor,4.72563,3.9848452
audio/Vc-ord-B4-mf-1c-N.wav,B,minor,4.2212324,3.1895921
audio/Ob-ord-F6-ff-N-N.wav,D,minor,3.8761566,3.8347025
audio/Cb-ord-E3-mf-3c-T14d.wav,G,minor,4.6726575,3.7144296
audio/Vn-ord-A#4-ff-4c-N.wav,C#,minor,3.99782,3.7676
audio/ASax-ord-F4-mf-N-N.wav,B,minor,4.324213,3.2029245
audio/Tbn-ord-G4-mf-N-N.wav,C#,minor,4.12228,3.556617
audio/Ob-ord-A4-mf-N-N.wav,B,major,4.234701,3.4361722
audio/Hn-ord-G2-mf-N-N.wav,C#,minor,3.9459019,2.6723
audio/Hn-ord-C5-mf-N-N.wav,F#,minor,4.5741773,3.1758654
audio/Vc-ord-F3-ff-3c-T17d.wav,B,minor,4.046561,3.2368958
audio/TpC-ord-D4-mf-N-T13u.wav,Ab,minor,4.6507974,3.4886615
audio/ASax-ord-D3-mf-N-N.wav,Ab,minor,4.4092083,3.4132435
audio/Cb-ord-A#3-mf-1c-N.wav,Ab,minor,4.6704745,3.5816305
audio/Vc-ord-F3-ff-2c-T17d.wav,B,minor,4.2662687,3.3780532
audio/Cb-ord-D3-ff-1c-N.wav,Ab,major,4.6382933,4.063704
audio/ClBb-ord-A4-mf-N-N.wav,Eb,minor,4.5294285,3.218898
audio/ClBb-ord-A#4-ff-N-N.wav,E,minor,4.018222,3.2333763
audio/Vn-ord-D6-ff-2c-N.wav,G,minor,3.8847122,4.2001343
audio/Vn-ord-F6-mf-2c-T17d.wav,F#,minor,4.905733,4.114511
audio/Vn-ord-G#4-ff-4c-N.wav,D,minor,3.9053783,3.7915769
audio/Fl-ord-F#5-ff-N-T11d.wav,C,major,3.7101116,3.2250497
audio/BTb-ord-G#3-mf-N-T11u.wav,D,minor,4.311564,3.0038738
audio/Ob-ord-B5-mf-N-T12u.wav,D,major,4.493986,3.7959156
audio/Cb-ord-F#2-mf-3c-T12u.wav,C,minor,5.030102,3.9420397
audio/BTb-ord-A#3-mf-N-T14u.wav,C,major,4.5114455,3.2378972
audio/Vn-ord-E4-ff-4c-N.wav,C#,major,3.4273791,4.115445
audio/Va-ord-F#6-mf-1c-N.wav,Eb,minor,4.8030972,3.7904804
audio/Vc-ord-C4-ff-1c-N.wav,B,minor,4.6382227,4.0966415
audio/Vc-ord-A3-ff-3c-T21d.wav,B,minor,3.8910377,3.3336616
audio/ASax-ord-D#5-ff-N-N.wav,A,minor,3.7527733,3.6500378
audio/Vn-ord-A6-mf-2c-N.wav,F#,major,4.8763537,3.9362555
audio/Bn-ord-F#2-ff-N-N.wav,C,minor,4.127056,3.0457115
audio/ASax-ord-D4-mf-N-N.wav,E,major,4.6356497,3.397756
audio/Fl-ord-D6-mf-N-T11d.wav,Ab,minor,4.3991933,3.3401375
audio/Va-ord-F#4-mf-4c-T26u.wav,C,minor,4.1414857,2.9726422
audio/ASax-ord-A4-mf-N-N.wav,Eb,major,4.2996006,3.16263
audio/Vn-ord-C#5-ff-2c-N.wav,F#,major,4.144077,3.5791802
audio/Cb-ord-F4-mf-1c-T16u.wav,D,major,4.45344,3.476274
audio/Va-ord-F#5-mf-1c-N.wav,C,minor,4.341644,3.3855977
audio/Cb-ord-A#2-mf-4c-N.wav,E,minor,4.724987,3.536293
audio/Tbn-ord-G#3-mf-N-N.wav,D,minor,4.224353,2.939705
audio/Bn-ord-B2-ff-N-N.wav,C#,major,4.7483797,3.5311723
audio/Vc-ord-G#4-mf-1c-N.wav,C,major,4.3124127,3.3341587
audio/Vn-ord-B4-ff-4c-T12u.wav,F#,major,4.224503,4.0344634
audio/Fl-ord-F6-ff-N-T15d.wav,Eb,minor,4.0319867,3.4929645
audio/Cb-ord-G2-ff-3c-N.wav,C,minor,4.8973136,4.1045566
audio/Vc-ord-B3-mf-2c-N.wav,C,major,4.4231105,3.0695574
audio/Va-ord-G4-ff-3c-N.wav,Bb,major,3.9887493,3.6047282
audio/Fl-ord-G#4-ff-N-N.wav,Bb,minor,4.334936,3.65347
audio/Cb-ord-A#1-ff-4c-N.wav,C#,minor,4.171185,3.6806736
audio/Hn-ord-B2-ff-N-N.wav,F,minor,4.587793,3.5237026
audio/Vn-ord-B3-mf-4c-T15u.wav,F,minor,4.758095,3.6975162
audio/Va-ord-G4-ff-2c-N.wav,C,minor,4.3163004,3.6015425
audio/Vc-ord-F4-ff-2c-N.wav,C,minor,3.8938553,3.8822167
audio/Bn-ord-B2-mf-N-N.wav,C#,major,4.5694113,3.2741375
audio/Fl-ord-C#7-ff-N-N.wav,F,minor,3.4357293,3.7791858
audio/Tbn-ord-G#4-ff-N-N.wav,Bb,minor,3.9267316,3.1834185
audio/Ob-ord-C#4-mf-N-N.wav,G,minor,4.076212,3.2094014
audio/TpC-ord-C#6-mf-N-T10u.wav,Eb,major,4.526584,3.7953465
audio/Fl-ord-G5-mf-N-T16d.wav,C#,minor,4.9394403,3.8116977
audio/Cb-ord-G#3-mf-1c-T13u.wav,D,major,4.6247606,3.5656667
audio/Va-ord-A4-mf-2c-N.wav,Eb,minor,4.762218,3.5536242
audio/ASax-ord-F3-ff-N-N.wav,Ab,minor,4.201208,3.131944
audio/Vc-ord-G#5-mf-1c-N.wav,C,major,3.7211323,3.500779
audio/Va-ord-B4-ff-3c-N.wav,D,minor,3.9594765,3.5158162
audio/TpC-ord-G5-mf-N-N.wav,C#,minor,4.3701873,3.7145061
audio/Vn-ord-A5-mf-2c-N.wav,Eb,minor,4.4162526,3.6635365
audio/Vn-ord-D#4-mf-3c-N.wav,C#,minor,4.8497458,3.7185144
audio/Cb-ord-D#3-mf-4c-T11u.wav,C,minor,4.313533,3.3967602
audio/Cb-ord-D4-mf-1c-T13d.wav,Ab,minor,4.7268,3.9210672
audio/Ob-ord-D5-mf-N-N.wav,C#,minor,4.181798,3.3652105
audio/Cb-ord-F#4-ff-1c-N.wav,C,minor,4.446567,3.9593096
audio/Va-ord-G#6-mf-1c-N.wav,Eb,minor,4.464824,3.5393474
audio/Vn-ord-C6-ff-2c-T11d.wav,C,minor,3.6629689,4.040709
audio/Cb-ord-E2-mf-4c-N.wav,Bb,minor,4.4883556,3.7379527
audio/ASax-ord-F#3-mf-N-N.wav,C,minor,4.6005144,3.0536346
audio/Hn-ord-F2-ff-N-T11u.wav,B,minor,3.4756842,3.8240085
audio/Vn-ord-G5-ff-3c-N.wav,D,major,3.9855986,4.078073
audio/Cb-ord-C3-ff-2c-T13u.wav,G,minor,4.6732025,3.7725031
audio/Vc-ord-C4-mf-2c-N.wav,B,minor,4.2732887,3.35262
audio/Vn-ord-D5-mf-2c-N.wav,B,minor,4.9191933,3.9231744
audio/ASax-ord-E5-mf-N-N.wav,Bb,minor,3.660088,3.614576
audio/ASax-ord-E3-ff-N-N.wav,Bb,minor,4.343622,3.4402263
audio/Vc-ord-E4-mf-3c-N.wav,E,major,3.8580122,3.2941406
audio/Bn-ord-A4-ff-N-N.wav,Bb,minor,4.102247,3.4388294
audio/Tbn-ord-D#2-mf-N-N.wav,A,minor,3.7772975,3.27494
audio/Ob-ord-D6-mf-N-N.wav,C#,major,4.5784473,3.6927316
audio/Hn-ord-D2-ff-N-N.wav,Ab,minor,3.916125,3.1631832
audio/Va-ord-G#4-ff-4c-T10u.wav,D,minor,3.8890722,3.6191037
audio/Va-ord-D5-mf-2c-N.wav,G,minor,4.807046,3.8643649
audio/Vc-ord-D#3-mf-4c-T13u.wav,A,minor,3.789465,2.7987702
audio/Vc-ord-G4-ff-1c-N.wav,A,minor,4.530495,3.9577172
audio/Va-ord-A#3-ff-4c-N.wav,E,minor,4.0686035,3.411087
audio/TpC-ord-F5-ff-N-N.wav,B,minor,3.8444378,3.4579802
audio/ClBb-ord-C#5-mf-N-N.wav,F#,minor,4.643169,3.4318645
audio/Va-ord-G5-ff-3c-N.wav,Bb,major,4.2204404,4.0360355
audio/Fl-ord-F4-ff-N-N.wav,B,minor,4.1711144,3.3689277
audio/Vn-ord-F#4-mf-3c-N.wav,C#,major,4.7714415,3.7587936
audio/Hn-ord-D#3-mf-N-N.wav,F,major,4.820949,3.3843272
audio/Vn-ord-C#5-mf-3c-T11u.wav,D,major,4.492283,3.3916938
audio/ClBb-ord-G4-ff-N-T30u.wav,C,minor,4.2785783,3.3911283
audio/ClBb-ord-E6-mf-N-T19d.wav,A,minor,4.364387,3.5815423
audio/Vc-ord-B3-ff-3c-T11u.wav,C,major,3.814031,3.9669
audio/Bn-ord-F3-ff-N-T10d.wav,B,minor,4.5677094,3.166505
audio/TpC-ord-A#4-mf-N-N.wav,C,major,4.708253,3.393899
audio/Ob-ord-D#6-ff-N-N.wav,Bb,minor,3.8764687,3.0515347
audio/Fl-ord-G4-ff-N-N.wav,A,major,4.3535247,3.5478013
audio/ClBb-ord-A3-mf-N-N.wav,Eb,minor,4.584785,3.3720875
audio/Fl-ord-G5-ff-N-T14d.wav,C#,minor,4.1358414,3.733514
audio/Hn-ord-D#5-ff-N-T10u.wav,A,minor,3.8542721,3.1186802
audio/Cb-ord-E2-mf-3c-N.wav,Bb,minor,4.4715486,3.7850206
audio/Va-ord-F#4-ff-3c-N.wav,Eb,minor,4.170343,3.3619366
audio/Vc-ord-C#3-ff-3c-N.wav,G,minor,3.5592468,3.4414575
audio/Hn-ord-F#3-ff-N-N.wav,C,minor,4.5763774,3.1700237
audio/Tbn-ord-F2-ff-N-N.wav,B,minor,2.1957357,3.865296
audio/Va-ord-A#5-mf-1c-T16u.wav,B,major,4.3036284,3.2880104
audio/Va-ord-G#5-mf-2c-N.wav,Eb,minor,4.6222796,3.555535
audio/ClBb-ord-E6-ff-N-T10d.wav,C#,minor,3.952107,3.2715292
audio/Va-ord-G4-mf-3c-N.wav,D,minor,4.620044,3.5803404
audio/Vc-ord-C4-mf-1c-N.wav,B,minor,4.4125776,3.5917764
audio/Bn-ord-C#4-mf-N-N.wav,Eb,major,4.3395147,3.1053143
audio/Vc-ord-F#4-ff-1c-N.wav,A,major,3.9192817,3.59482
audio/Hn-ord-F#2-mf-N-N.wav,C,minor,4.1910305,2.6759245
audio/Cb-ord-D3-mf-4c-T19u.wav,Ab,major,4.746827,3.8706994
audio/Vc-ord-C5-ff-1c-T16u.wav,C#,minor,4.3975053,4.3906403
audio/Vc-ord-E3-mf-2c-N.wav,F#,major,4.837643,3.752573
audio/TpC-ord-E4-ff-N-N.wav,Bb,minor,4.2012844,3.6563778
audio/Vn-ord-A#6-mf-1c-N.wav,C,minor,4.566375,3.8008623
audio/Va-ord-F5-mf-1c-N.wav,B,minor,4.826709,3.9041
audio/TpC-ord-E4-mf-N-T11u.wav,Bb,minor,4.634992,3.5106137
audio/Cb-ord-G#3-mf-3c-N.wav,G,minor,4.0426517,3.3668146
audio/Hn-ord-F#3-mf-N-N.wav,C,major,4.675248,2.9532337
audio/Bn-ord-C#5-mf-N-N.wav,Eb,major,3.9421096,2.5569959
audio/Vc-ord-B5-mf-1c-N.wav,C,major,4.094959,4.002032
audio/Vc-ord-F#3-ff-2c-N.wav,C,minor,3.9901342,3.5259264
audio/ASax-ord-C#4-mf-N-N.wav,G,minor,4.686858,3.4801714
audio/Cb-ord-D3-ff-2c-N.wav,C,minor,4.7070217,3.7115521
audio/Tbn-ord-D#3-mf-N-N.wav,A,minor,4.371418,3.3187912
audio/ASax-ord-D#4-ff-N-N.wav,F,major,4.2556596,3.8200963
audio/BTb-ord-B2-mf-N-T17u.wav,F,minor,4.4010634,3.0920315
audio/Fl-ord-A6-ff-N-T13d.wav,C#,major,4.086637,3.6420147
audio/Fl-ord-D5-ff-N-N.wav,Ab,minor,3.7703314,3.1669674
audio/Va-ord-G5-mf-1c-N.wav,C,minor,4.6450515,3.6032867
audio/Vn-ord-G4-ff-4c-N.wav,C#,major,4.040568,4.0827637
audio/Cb-ord-C#3-mf-1c-T11u.wav,G,minor,4.7914553,3.6690006
audio/Vc-ord-F2-ff-4c-T17u.wav,B,minor,4.464555,3.7479057
audio/Va-ord-A#4-mf-3c-T11d.wav,D,major,4.844615,3.6906586
audio/Cb-ord-F1-mf-4c-N.wav,B,minor,4.168967,4.063264
audio/Tbn-ord-C2-mf-N-T44d.wav,F#,minor,3.9641452,3.4722562
audio/Cb-ord-G#3-mf-2c-T12u.wav,D,major,4.48435,3.543476
audio/ClBb-ord-A3-ff-N-T22u.wav,C,minor,3.793834,3.3669424
audio/Bn-ord-G#3-ff-N-N.wav,D,minor,4.3420234,2.8843563
audio/ASax-ord-D5-ff-N-N.wav,Eb,minor,4.031896,3.5794814
audio/Vc-ord-F#3-mf-3c-N.wav,C,minor,3.9940815,2.8623521
audio/Va-ord-F6-mf-1c-N.wav,Eb,minor,4.783549,3.5384245
audio/Ob-ord-D#5-mf-N-N.wav,A,minor,4.197663,3.2091234
audio/Vn-ord-E5-mf-4c-N.wav,F#,major,4.55621,3.5514522
audio/Ob-ord-C#6-mf-N-N.wav,A,major,4.3287053,3.449795
audio/Va-ord-D#4-mf-4c-N.wav,E,major,4.5169816,3.6094265
audio/Cb-ord-D#3-ff-4c-T31u.wav,C#,minor,4.4643083,3.287406
audio/Ob-ord-B5-ff-N-T11u.wav,D,major,4.056882,3.7515783
audio/Vc-ord-G#3-ff-2c-N.wav,C,minor,3.6333878,3.6288986
audio/Vn-ord-F5-mf-3c-N.wav,B,minor,4.840571,3.862718
audio/Ob-ord-C#6-ff-N-N.wav,D,minor,3.7569723,3.2167187
audio/Vc-ord-A#3-mf-3c-T16d_R100u.wav,C#,minor,4.428772,3.5702069
audio/ASax-ord-E5-ff-N-N.wav,B,minor,3.5935733,3.441222
audio/Fl-ord-B3-mf-N-N.wav,F,minor,4.726868,3.37191
audio/Va-ord-D#5-mf-2c-N.wav,Bb,major,4.6763854,3.8664722
audio/Cb-ord-A1-ff-4c-N.wav,G,minor,3.950866,3.7376442
audio/Va-ord-D#4-ff-2c-N.wav,A,major,4.6363177,3.9685004
audio/Fl-ord-E6-mf-N-T17d.wav,D,minor,4.5153437,3.4599292
audio/ASax-ord-D#5-mf-N-N.wav,D,minor,3.6603067,3.502239
audio/Vc-ord-F#3-ff-3c-N.wav,C,minor,4.056469,3.3191137
audio/Cb-ord-G#1-ff-4c-N.wav,D,minor,4.3263907,4.142353
audio/Cb-ord-C3-mf-4c-N.wav,F#,minor,4.6110687,3.4853406
audio/Va-ord-A4-ff-3c-R100d.wav,D,major,3.876686,3.3830967
audio/TpC-ord-F4-mf-N-T25u.wav,B,minor,4.608456,3.4564674
audio/Vc-ord-G2-mf-3c-N.wav,C#,minor,4.673537,3.8748171
audio/Cb-ord-F3-mf-2c-N.wav,G,major,4.479869,3.5036018
audio/Vn-ord-C6-mf-3c-T13d.wav,Eb,minor,4.6623917,3.7518394
audio/Vc-ord-B3-ff-1c-T11u.wav,C,major,3.9272094,3.9733264
audio/Vn-ord-C6-ff-1c-T11d.wav,G,minor,4.028128,4.116925
audio/Vc-ord-F#3-ff-4c-T14u.wav,C,minor,4.212159,3.3930569
audio/Hn-ord-D3-mf-N-N.wav,Ab,minor,4.721791,3.4188406
audio/Va-ord-C5-ff-1c-N.wav,Bb,major,4.287387,3.411992
audio/Fl-ord-C4-mf-N-T14d.wav,F#,minor,4.754235,3.5051448
audio/Cb-ord-D3-ff-3c-N.wav,C,minor,4.874601,3.8201733
audio/ClBb-ord-C#4-ff-N-T15u.wav,G,minor,4.0192037,3.2876892
audio/Cb-ord-D4-ff-1c-T17d.wav,G,major,4.5614944,3.987091
audio/Cb-ord-C#4-ff-1c-T22u.wav,G,minor,4.169678,3.856093
audio/Hn-ord-C3-mf-N-N.wav,F#,minor,4.7517633,3.2722886
audio/Fl-ord-D#4-ff-N-N.wav,A,minor,4.2260437,3.2645614
audio/Cb-ord-E3-ff-1c-T12u.wav,G,minor,4.39209,3.8995452
audio/Vc-ord-E4-ff-1c-N.wav,C,major,3.810667,3.641545
audio/Hn-ord-F#4-mf-N-N.wav,C,minor,4.302481,3.5421045
audio/Ob-ord-B4-ff-N-T13d.wav,A,major,4.1309967,3.3914747
audio/Tbn-ord-D3-mf-N-N.wav,Ab,minor,4.108937,3.3511693
audio/Cb-ord-F#4-mf-1c-N.wav,D,major,4.2472477,3.7150207
audio/ASax-ord-E4-mf-N-N.wav,Bb,minor,4.5263433,3.7099917
audio/ASax-ord-G3-ff-N-N.wav,C#,minor,4.3614993,3.511736
audio/Va-ord-E5-mf-3c-N.wav,Bb,major,4.457921,3.5971706
audio/Vn-ord-F6-ff-1c-N.wav,F#,minor,4.0075707,3.8749933
audio/Va-ord-E5-ff-3c-N.wav,Bb,major,4.048644,3.7366328
audio/Cb-ord-F2-ff-2c-N.wav,F,minor,4.0416126,3.780138
audio/Bn-ord-C#5-ff-N-N.wav,G,minor,4.00325,2.7158127
audio/Va-ord-E3-mf-4c-T19u.wav,Bb,minor,4.6227517,3.438257
audio/Vc-ord-A#4-ff-1c-N.wav,C#,minor,4.1384835,3.6065085
audio/Hn-ord-C#3-mf-N-N.wav,G,minor,4.3692746,3.2639008
audio/Ob-ord-G6-ff-N-T16u.wav,Bb,minor,4.39176,3.6299648
audio/BTb-ord-G2-mf-N-T15u.wav,C#,minor,3.8936532,2.8072534
audio/Vn-ord-F#6-ff-1c-T12d.wav,G,minor,4.8355994,3.4945092
audio/Vc-ord-G#3-mf-4c-N.wav,B,minor,4.2743216,3.5657334
audio/Va-ord-F#4-mf-3c-N.wav,C,minor,4.0233154,2.8932526
audio/Va-ord-G4-mf-4c-N.wav,Eb,minor,4.6217504,3.5246153
audio/Vc-ord-C4-mf-3c-N.wav,C,major,4.2247076,3.564538
audio/Cb-ord-D3-mf-1c-N.wav,Ab,minor,4.802538,3.9212048
audio/Cb-ord-A3-ff-2c-N.wav,G,minor,4.277569,3.3834417
audio/Vc-ord-A#4-mf-2c-N.wav,C#,minor,4.2359676,3.361023
audio/Ob-ord-D4-mf-N-N.wav,D,minor,4.048386,3.2203023
audio/Va-ord-B4-ff-2c-T11u.wav,Eb,major,4.2505584,3.5378928
audio/Va-ord-F#5-ff-2c-N.wav,Bb,major,3.5135527,3.5574594
audio/Hn-ord-A#4-mf-N-N.wav,C,major,4.5297503,3.174883
audio/BTb-ord-D3-mf-N-T16u.wav,Ab,minor,4.618384,3.4889379
audio/Ob-ord-G#6-mf-N-N.wav,C#,major,4.592715,3.8808231
audio/Bn-ord-B3-ff-N-N.wav,F,minor,4.554016,3.1476693
audio/Ob-ord-E5-ff-N-N.wav,D,minor,3.838494,2.6439567
audio/Va-ord-F#5-mf-3c-N.wav,Eb,minor,4.1929607,3.397117
audio/Bn-ord-F2-mf-N-N.wav,B,minor,4.28161,3.2026284
audio/Hn-ord-A3-mf-N-N.wav,Eb,minor,4.4655128,3.1226366
audio/ASax-ord-F3-mf-N-N.wav,B,minor,4.610777,3.1729398
audio/Fl-ord-B6-ff-N-T21d.wav,Ab,minor,3.766405,3.7537181
audio/Va-ord-D#5-mf-1c-T11u.wav,A,minor,4.3469462,3.3440924
audio/Hn-ord-E2-ff-N-T18u.wav,Bb,minor,4.187903,4.0847387
audio/Va-ord-G6-ff-1c-N.wav,Bb,major,4.38582,3.724554
audio/Va-ord-F4-mf-2c-N.wav,D,minor,4.646718,3.5393076
audio/Vc-ord-D#3-mf-2c-N.wav,A,minor,4.330898,3.7615619
audio/Fl-ord-G6-ff-N-N.wav,F,major,4.0524487,3.5696266
audio/Vc-ord-E4-mf-2c-N.wav,Ab,minor,4.322143,3.463261
audio/Va-ord-B4-ff-1c-T10u.wav,Eb,major,4.4682045,3.51152
audio/Bn-ord-G#3-mf-N-N.wav,D,major,4.5695276,3.0854406
audio/Vc-ord-C5-mf-1c-T11u.wav,C#,minor,4.1723886,3.4221222
audio/Vn-ord-D5-ff-2c-N.wav,G,minor,4.4428697,3.7965004
audio/Vc-ord-B3-ff-2c-N.wav,C,minor,3.928727,3.456239
audio/Bn-ord-C3-mf-N-R100u.wav,F#,minor,4.45576,3.303943
audio/Vn-ord-G3-mf-4c-N.wav,C#,minor,4.626237,3.6603034
audio/Vc-ord-E5-mf-1c-N.wav,C,major,3.9797778,3.4712815
audio/Va-ord-F#6-ff-1c-N.wav,Eb,major,4.639449,3.815494
audio/Vc-ord-D4-ff-2c-N.wav,Ab,minor,4.24961,3.9349213
audio/ClBb-ord-D#5-ff-N-T11u.wav,C#,minor,3.3912933,3.4353554
audio/Fl-ord-F#4-ff-N-N.wav,C,minor,4.1962605,3.2603552
audio/Vn-ord-B5-ff-3c-N.wav,C#,major,4.2746058,4.176333
audio/Vc-ord-A#3-ff-2c-T12u.wav,E,minor,4.4268284,4.0038443
audio/Vn-ord-G6-mf-1c-T15d.wav,F#,major,4.9875965,3.8178828
audio/ClBb-ord-E3-ff-N-T20u.wav,F#,major,4.199569,3.4903069
audio/Bn-ord-F#2-mf-N-N.wav,C,minor,3.902648,2.7755818
audio/Vn-ord-G5-ff-1c-T11d.wav,G,minor,4.020712,3.6591392
audio/Va-ord-G5-ff-1c-N.wav,Eb,major,3.9402237,3.5479388
audio/BTb-ord-G3-mf-N-T14u.wav,E,minor,4.547519,3.0632932
audio/TpC-ord-A5-mf-N-N.wav,Eb,minor,4.640774,3.623659
audio/ASax-ord-B4-ff-N-N.wav,F,minor,3.9845796,3.4148865
audio/Ob-ord-D5-ff-N-N.wav,D,minor,3.9924965,3.4328697
audio/Cb-ord-A#4-mf-1c-T20u.wav,Eb,major,4.518019,3.5570712
audio/Vn-ord-C#4-mf-4c-N.wav,Ab,major,4.3867116,3.5765123
audio/Va-ord-F#4-ff-2c-N.wav,C,minor,4.33728,3.4761972
audio/Cb-ord-D#4-mf-1c-T18u.wav,D,major,4.31411,3.51317
audio/Cb-ord-F#1-ff-4c-N.wav,C,minor,4.032243,4.1379642
audio/Va-ord-D4-ff-2c-N.wav,C#,minor,4.7962394,3.7658005
audio/Bn-ord-D#5-mf-N-N.wav,A,minor,4.4495864,3.4062045
audio/BTb-ord-A3-mf-N-N.wav,C,minor,4.349715,3.042292
audio/ClBb-ord-F#6-ff-N-T15u.wav,G,minor,4.0216427,3.6677313
audio/Vc-ord-A5-mf-1c-N.wav,C,major,4.209781,3.7593935
audio/Ob-ord-C5-mf-N-N.wav,F#,minor,4.3971906,3.458217
audio/ASax-ord-C#5-ff-N-N.wav,Eb,major,4.290136,3.344325
audio/ClBb-ord-C#5-ff-N-T13u.wav,E,minor,3.9601123,3.3110764
audio/Cb-ord-A#2-mf-1c-N.wav,E,minor,4.712366,3.8408158
audio/ClBb-ord-F#5-mf-N-N.wav,C,minor,4.339333,3.6160686
audio/Vn-ord-A#4-mf-4c-N.wav,D,major,4.627963,3.7543116
audio/TpC-ord-A4-mf-N-T19u.wav,Eb,minor,4.7730885,3.5370016
audio/Bn-ord-D5-mf-N-N.wav,F,minor,4.137645,2.8524733
audio/Ob-ord-A#3-mf-N-N.wav,E,minor,4.149431,3.1140091
audio/TpC-ord-F#4-mf-N-T16u.wav,C,minor,4.6937866,3.4927404
audio/Cb-ord-C4-ff-1c-N.wav,Ab,major,4.3338265,3.653656
audio/BTb-ord-E3-mf-N-T23u.wav,Bb,minor,4.7806754,3.5288317
audio/Cb-ord-A2-mf-1c-N.wav,Eb,minor,4.768366,3.9643364
audio/Tbn-ord-A#4-mf-N-N.wav,A,minor,4.0805974,2.9325614
audio/Va-ord-A#3-ff-3c-N.wav,E,minor,3.7322092,3.3424273
audio/Cb-ord-D#3-ff-1c-T11u.wav,A,minor,4.635584,3.9389014
audio/Hn-ord-C5-ff-N-N.wav,D,major,4.163338,3.0248287
audio/Hn-ord-B3-mf-N-N.wav,A,major,4.738268,3.1529675
audio/Vc-ord-G4-ff-2c-N.wav,C,major,3.8859594,4.031811
audio/Va-ord-D#5-mf-3c-T11u.wav,Eb,minor,4.6221185,3.6439145
audio/Vn-ord-F#5-mf-2c-N.wav,C#,minor,4.885289,3.8419724
audio/Vc-ord-A5-ff-1c-T13d.wav,G,major,4.098196,4.3172045
audio/Va-ord-C#5-ff-1c-R100u.wav,E,minor,3.899129,3.228794
audio/Vn-ord-C7-ff-1c-T30d.wav,Eb,minor,3.7498174,4.3366
audio/Cb-ord-C#2-mf-3c-N.wav,G,minor,4.434969,3.5071738
audio/Vc-ord-G3-mf-4c-N.wav,F#,minor,4.239026,3.3363376
audio/Va-ord-F#5-mf-2c-N.wav,Eb,minor,4.1764226,3.1759999
audio/Tbn-ord-A3-mf-N-N.wav,Eb,minor,4.3676147,3.2301488
audio/Ob-ord-F4-mf-N-N.wav,Ab,minor,3.8702705,3.1955364
audio/Cb-ord-B1-ff-3c-N.wav,F,minor,4.495859,3.869871
audio/Hn-ord-C#3-ff-N-N.wav,G,minor,4.4034963,3.390211
audio/ASax-ord-A3-ff-N-N.wav,Eb,minor,4.22436,3.5750644
audio/Ob-ord-F#6-mf-N-T12u.wav,Eb,minor,4.854168,3.8904445
audio/Tbn-ord-B3-ff-N-N.wav,C#,minor,3.8883004,3.1979015
audio/ASax-ord-A5-ff-N-N.wav,Eb,minor,3.8832197,3.1967354
audio/Vc-ord-G2-ff-3c-N.wav,C#,minor,4.810963,3.94367
audio/ASax-ord-C5-ff-N-N.wav,F#,minor,4.2272267,3.4940517
audio/Vc-ord-F5-mf-1c-N.wav,A,major,3.9673398,3.5800583
audio/Cb-ord-G3-mf-1c-N.wav,Ab,major,4.643136,3.5671256
audio/Vc-ord-D5-mf-1c-N.wav,C,major,4.453601,3.5743442
audio/Cb-ord-A1-mf-3c-N.wav,Eb,minor,4.294223,3.831044
audio/ClBb-ord-F#4-mf-N-N.wav,Ab,major,4.521234,3.2914457
audio/Vn-ord-A5-ff-2c-N.wav,G,minor,3.5161734,3.9598079
audio/Bn-ord-C#4-ff-N-N.wav,C,minor,4.3610497,3.2191596
audio/Vc-ord-C3-mf-3c-N.wav,F#,minor,4.7453074,3.6972718
audio/Cb-ord-A#2-ff-2c-T14u.wav,E,minor,4.8001523,4.024584
audio/Va-ord-F#3-ff-4c-T17u.wav,C,minor,4.5188446,3.3578541
audio2/tt-kn_ndle_edge-p-N.wav,C,major,3.1454108,3.5988636
audio2/tt-jazz_drawn-f-N.wav,F,minor,3.9408727,3.7786558
audio2/tt-tymp_edge-ff-N.wav,G,major,4.4079065,4.0718594
audio2/tt-scrap-p-N.wav,Ab,major,3.8472357,4.093381
audio2/Mechanism - Source - Metal swirls chunks and reloads_01.wav,Ab,major,5.7564864,5.0812044
audio2/tt-super_sm-p-N.wav,C,minor,3.1595619,2.4121053
audio2/tt-super_sm-f-N.wav,C,major,4.1618247,3.9650953
audio2/tt-soft_br-p-N.wav,C#,minor,3.1700234,4.5299277
audio2/tt-tt_edge-ff-N.wav,B,minor,4.5501304,4.299933
audio2/!=_!=_02.wav,G,minor,4.014676,5.8626494
audio2/tt-soft_br-f-N.wav,A,minor,3.4334087,4.489243
audio2/tt-kn_ndle_edge_drawn-f-N.wav,C,major,4.3761606,4.0704956
audio2/tt-jazz_edge-f-N.wav,C#,minor,4.1118445,3.4739685
audio2/tt-kn_ndle_mid-p-N.wav,C,major,3.8080878,3.5880516
audio2/tt-tymp_edge-mf-N.wav,C,major,4.1021285,3.4831088
audio2/tt-kn_ndle_edge_drawn-p-N.wav,C#,minor,3.3185377,4.5247965
audio2/tt-tt_edge-pp-N.wav,F,minor,3.9488282,4.0042768
audio2/tt-tt_edge-mf-N.wav,C,major,4.3521166,3.8219728
audio2/tt-bow-f-N.wav,C,minor,4.4046507,3.7319689
audio2/Mechanism - Source - Small gears ratchet_02.wav,C,minor,5.0669208,4.097579
audio2/tt-plast_edge-pp-N.wav,C,major,3.8487768,3.7068753
audio2/tt-v_mh_mid-pp-N.wav,G,major,3.3254387,3.5387452
audio2/tt-plast_mid-ff-N.wav,E,minor,4.63503,4.189609
audio2/tt-v_mh_edge-ff-N.wav,C,major,4.524152,4.2146134
audio2/tt-stff_br-p-N.wav,C#,minor,3.403661,4.2982583
audio2/dheming__breaking-ice-01_forsampling.wav,Ab,major,5.3175306,4.3994765
audio2/!-_!-_03.wav,F#,minor,5.7077084,4.7271414
audio2/Mechanism - Source - Squishy gears_01.wav,F,minor,4.8909183,3.8696055
audio2/tt-jazz_edge-p-N.wav,Ab,major,3.681334,3.5255609
audio2/tt-plast_edge-ff-N.wav,C,major,4.596658,4.210221
audio2/tt-super_la-f-N.wav,C,major,4.3291216,3.7694798
audio2/tt-bow-p-N.wav,C,minor,4.0617256,3.015226
audio2/tt-scrap-f-N.wav,F,minor,4.3779325,4.1784368
audio2/Mechanism - Source - Counting machine chunks antique_07.wav,F,major,4.8687944,4.477005
audio2/Mechanism - Source - Metal Machinery Handling_03.wav,C,major,5.42807,4.595491
audio2/tt-tt_mid-mf-N.wav,G,major,4.496246,4.0207763
audio2/tt-tymp_mid-mf-N.wav,E,minor,4.372379,3.5990412
audio2/tt-plast_edge-mf-N.wav,Ab,minor,4.4685445,4.1718225
audio2/tt-jazz_mid-p-N.wav,C,minor,3.469433,3.9928873
audio2/!__!__05.wav,D,minor,5.048775,4.816584
audio2/tt-tt_mid-ff-N.wav,E,minor,4.612541,4.1782165
audio2/tt-tt_mid-pp-N.wav,C#,minor,4.13039,3.8373845
audio2/Mechanism - Source - Squishy gears_02.wav,C,minor,5.0249453,4.15162
audio2/==_==_rev.wav,Ab,major,3.7810564,5.483718
audio2/Mechanism - Source - Garbage Can Door_04.wav,C#,major,3.662777,4.408345
audio2/tt-v_mh_mid-ff-N.wav,E,minor,4.578683,4.1348825
audio2/Mechanism - Source - bike chunks.wav,F,major,5.181423,4.878579
audio2/tt-tymp_mid-ff-N.wav,C,major,4.5702724,4.0917573
audio2/Mechanism - Source - Steam Intense Constant.wav,C,minor,4.071883,5.797349
audio2/Mechanism - Source - Steam Hiss Watery Elaborated.wav,G,minor,4.763038,4.6214013
audio2/tt-kn_ndle_mid-f-N.wav,C,major,4.5358386,4.0094204
audio2/tt-tymp_edge-pp-N.wav,G,major,3.475927,3.5012658
audio2/tt-v_mh_edge-pp-N.wav,C,major,3.2405715,3.4617753
audio2/tt-plast_mid-mf-N.wav,C,major,4.4962077,3.8911116
audio2/tt-super_la-p-N.wav,A,minor,3.494068,3.2623103
audio2/maggiore_maggiore_04.wav,Bb,major,4.8294096,6.778377
audio2/tt-stff_br-f-N.wav,A,minor,3.633447,4.7614446
audio2/Mechanism - Source - Dust Buster.wav,Ab,major,3.4288275,4.718267
audio2/Mechanism - Source - Hatch Door Lever Rusty.wav,C#,major,4.1438704,4.352919
audio2/tt-jazz_drawn-p-N.wav,C#,minor,3.7490191,5.4108696
audio2/tt-v_mh_edge-mf-N.wav,C,major,4.231863,3.8322198
audio2/Mechanism - Source - Squeeky bastard_01.wav,C,minor,4.413766,4.655706
audio2/Mechanism - Source - Soft Steam Burst Release.wav,C,major,4.364244,4.8653293
audio2/Mechanism - Source - Key metal movements_01.wav,C,minor,5.5035715,5.2807236
audio2/tt-tymp_mid-pp-N.wav,C,major,3.6963413,4.1731634
audio2/tt-plast_mid-pp-N.wav,C,major,3.4482486,3.442445
audio2/Mechanism - Source - Cinematic Source Impacts_01.wav,F,minor,4.2114377,4.1161532
audio2/Mechanism - Source - Steam Constant With Moaning Movement.wav,F,major,3.90103,5.0340853
audio2/tt-kn_ndle_edge-f-N.wav,C,major,4.5339003,4.24714
audio2/tt-v_mh_mid-mf-N.wav,C,major,4.2377152,3.5703301
audio2/tt-jazz_mid-f-N.wav,C,major,4.5153575,4.137408
